doc_id,url,table,article_max,verdict,ratio,title
bb75514590fa,https://regional.kompas.com/read/2025/01/17/133943478/puluhan-anak-sd-di-nunukan-keracunan-mbg-begini-penjelasan-penyedia-menu,29,17.0,article reports less than table,0.59,"Puluhan Anak SD di Nunukan Keracunan MBG, Begini Penjelasan Penyedia Menu dan Perwakilan B"
7a1459e7613e,https://regional.kompas.com/read/2025/01/19/094801178/siswa-sma-di-nunukan-juga-keracunan-mbg-lauk-tongkol-berulat,30,2556.0,article reports more than table,85.2,"Siswa SMA di Nunukan Juga Keracunan MBG, Lauk Tongkol Berulat"
60e2e6ff1f8f,https://sumba.inews.id/read/558543/puluhan-siswa-sdk-andaluri-diduga-keracunan-usai-santap-menu-makan-bergizi-gratis,29,29.0,table figure appears in article,1.0,Puluhan Siswa SDK Andaluri Diduga Keracunan Usai Santap Menu Makan Bergizi Gratis
740b58b4eb68,https://regional.kompas.com/read/2025/02/21/175529378/28-siswa-sd-di-pandeglang-alami-gejala-keracunan-usai-santap-mbg,28,28.0,table figure appears in article,1.0,28 Siswa SD di Pandeglang Alami Gejala Keracunan Usai Santap MBG
28a0f17e6b68,https://merdekami.com/2025/04/gejala-diduga-keracunan-muncul-di-sdn-33-kasipute-program-makanan-gratis-disorot/,13,,no counts in article,,"Gejala Diduga Keracunan Muncul di SDN 33 Kasipute, Program Makanan Gratis Disorot - Merdek"
a50719c41d30,https://nasional.kompas.com/read/2025/04/24/18431321/rentetan-keracunan-massal-mbg-lebih-dari-200-siswa-jadi-korban,60,78.0,table figure appears in article,1.3,"Rentetan Keracunan Massal MBG, Lebih dari 200 Siswa Jadi Korban"
41837c358474,https://www.ntthits.com/politik/57715026614/rentetan-kasus-keracunan-mbg-di-berbagai-daerah-program-bergizi-yang-kini-dikhawatirkan,7,2025.0,table figure appears in article,289.29,Rentetan Kasus Keracunan MBG di Berbagai Daerah: Program Bergizi yang Kini Dikhawatirkan -
86c6227bc664,https://www.cnnindonesia.com/nasional/20250429174012-20-1223999/kepala-sekolah-dan-dua-siswa-di-karanganyar-diduga-keracunan-mbg,3,,no counts in article,,Kepala Sekolah dan Dua Siswa di Karanganyar Diduga Keracunan MBG
edf3d29c2e88,https://www.viva.co.id/berita/nasional/1821155-ratusan-siswa-keracunan-program-mbg-di-pali-sumatera-selatan-disetop-sementara?page=1,174,174.0,table figure appears in article,1.0,"Ratusan Siswa Keracunan, Program MBG di PALI Sumatera Selatan Disetop Sementara"
8285d0076d4e,https://www.detik.com/bali/nusra/d-7907093/5-siswa-lombok-tengah-keracunan-menu-mbg-ada-bakteri-e-coli-di-telur,5,5.0,table figure appears in article,1.0,"5 Siswa Lombok Tengah Keracunan Menu MBG, Ada Bakteri E-Coli di Telur"
e90765994401,https://surabaya.kompas.com/read/2026/05/24/101632678/diduga-abaikan-edaran-bgn-dan-buat-25-anak-di-jember-keracunan-sppg?page=all,25,25.0,table figure appears in article,1.0,"Diduga Abaikan Edaran BGN dan Buat 25 Anak di Jember Keracunan, SPPG Kaliwates 3 Terancam "
5c72bbbc5a08,https://joglosemarnews.com/2025/06/diare-massal-di-tk-aba-kasatriyan-kulonprogo-bakmi-mbg-diduga-jadi-pemicu/,10,10.0,table figure appears in article,1.0,"Diare Massal di TK ABA Kasatriyan Kulonprogo, Bakmi MBG Diduga Jadi Pemicu » JOGLOSEMAR NE"
76ffce7b239b,https://www.kompas.id/artikel/mereka-lemas-keracunan-mbg-di-samping-balai-kota-kupang,186,186.0,table figure appears in article,1.0,Mereka Lemas Keracunan Paket MBG di Samping Balai Kota Kupang
a191b3a05e29,https://www.kadera.id/2025/07/27/diduga-keracunan-mbg-sampel-darah-17-siswa-smkn-5-ternate-diperiksa/,17,3199.0,table figure appears in article,188.18,"Diduga Keracunan MBG, Sampel Darah 17 Siswa SMKN 5 Ternate Diperiksa"
0c55465a87bf,https://kuninganmass.com/setelah-makan-siang-gratis-puluhan-siswa-smpn-1-cilimus-sakit-perut/,30,30.0,table figure appears in article,1.0,"Setelah Makan Siang Gratis, Puluhan Siswa SMPN 1 Cilimus Sakit Perut - Kuningan Mass"
a65d6e05f203,https://koran-jakarta.com/2025-07-31/ombudsman-selidiki-dapur-mbg-usai-insiden-keracunan-makanan-di-manokwari,13,13.0,table figure appears in article,1.0,Ombudsman Selidiki Dapur MBG Usai Insiden Keracunan Makanan di Manokwari
d74247c673b8,https://www.detik.com/jabar/berita/d-8049711/32-pelajar-sukabumi-keracunan-sampel-makanan-dikirim-ke-lab,32,32.0,table figure appears in article,1.0,"32 Pelajar Sukabumi Keracunan, Sampel Makanan Dikirim ke Lab"
44f10f3e9ed5,https://www.liputan6.com/regional/read/6130634/18-siswa-di-lampung-mual-hingga-lemas-usai-santap-lele-disdikbud-perketat-pengawasan-mbg,18,30.0,table figure appears in article,1.67,"18 Siswa di Lampung Mual hingga Lemas Usai Santap Lele, Disdikbud Perketat Pengawasan MBG"
131c33e1bf39,https://yogyakarta.kompas.com/read/2025/08/20/164930478/497-siswa-kulon-progo-keracunan-3-jenis-bakteri-berbahaya-ditemukan-di,497,497.0,table figure appears in article,1.0,"497 Siswa Kulon Progo Keracunan, 3 Jenis Bakteri Berbahaya Ditemukan di Menu MBG"
b85502fbb0ac,https://www.detik.com/jabar/berita/d-8072825/12-santriwati-di-cianjur-dibawa-ke-rs-diduga-keracunan-makanan-mbg,12,12.0,table figure appears in article,1.0,"12 Santriwati di Cianjur Dibawa ke RS, Diduga Keracunan Makanan MBG"
35759a5ff594,https://www.detik.com/jabar/berita/d-8074457/kronologi-24-siswa-sd-parakansalak-keracunan-usai-santap-mbg,24,24.0,table figure appears in article,1.0,Kronologi 24 Siswa SD Parakansalak Keracunan Usai Santap MBG
e64e57e5584b,https://jabarekspres.com/berita/2025/08/22/12-siswa-sdn-legokhayam-cimenyan-alami-keracunan-diduga-dari-makanan-program-mbg/,12,12.0,table figure appears in article,1.0,"12 Siswa SDN Legokhayam Cimenyan Alami Keracunan, Diduga dari Makanan Program MBG!"
c3cd0eed3e8b,https://www.detik.com/jogja/berita/d-8081852/135-siswa-2-guru-smpn-3-berbah-sleman-diduga-keracunan-mbg,137,135.0,table figure appears in article,0.99,135 Siswa-2 Guru SMPN 3 Berbah Sleman Diduga Keracunan MBG
b376cecd8a9d,https://lampung.inews.id/berita/40-siswa-smp-di-lampung-timur-diduga-keracunan-mbg-31-dirawat-inap,40,40.0,table figure appears in article,1.0,"40 Siswa SMP di Lampung Timur Diduga Keracunan MBG, 31 Dirawat Inap"
f7590539b83a,https://lampost.co/lampung/16-pelajar-lampung-utara-keracunan-makan-bergizi-gratis/,16,16.0,table figure appears in article,1.0,16 Pelajar Lampung Utara Keracunan Makan Bergizi Gratis
b07d66336b34,https://indonesiainvestigasi.com/orang-tua-murid-meminta-polda-lampung-periksa-dan-proses-yayasan-penyedia-mbg-yang-menyebabkan-puluhan-murid-mengalami-keracunan-massal/31/,247,,no counts in article,,"Orang Tua Murid, Meminta Polda Lampung Periksa dan Proses Yayasan Penyedia MBG, Yang Menye"
13d5be3544ea,https://www.iniriau.com/detail/48677/orang-tua-siswa-resah-usai-insiden-keracunan-mbg-di-bangkinang,18,,no counts in article,,Orang Tua Siswa Resah Usai Insiden Keracunan MBG di Bangkinang
c15831d0fe51,https://www.detik.com/bali/nusra/d-8095139/17-siswa-di-lombok-barat-diduga-keracunan-mbg-sempat-dibawa-ke-puskesmas,17,17.0,table figure appears in article,1.0,"17 Siswa di Lombok Barat Diduga Keracunan MBG, Sempat Dibawa ke Puskesmas"
056f1cfe4980,https://www.inews.id/news/nasional/27-siswa-smp-di-serang-banten-diduga-keracunan-mbg-gejala-mual-hingga-diare,27,40.0,table figure appears in article,1.48,"27 Siswa SMP di Serang Banten Diduga Keracunan MBG, Gejala Mual hingga Diare"
2d22664ab4dc,https://memorandum.disway.id/read/138688/232-siswa-sman-1-panji-diduga-mengalami-keracunan-mbg,232,1042.0,table figure appears in article,4.49,232 Siswa SMAN 1 Panji Diduga Mengalami Keracunan MBG
a5d88cbfd9b7,https://www.detik.com/jogja/berita/d-8096710/5-anak-mual-muntah-usai-santap-mbg-di-gunungkidul-dinkes-diduga-keracunan-makanan,5,5.0,table figure appears in article,1.0,"5 Anak Mual-Muntah Usai Santap MBG di Gunungkidul, Dinkes: Diduga Keracunan Makanan"
dde41cb3f32a,https://www.detik.com/sumbagsel/berita/d-8095058/program-mbg-di-oki-dihentikan-sementara-usai-80-siswa-sd-smp-keracunan,80,80.0,table figure appears in article,1.0,Program MBG di OKI Dihentikan Sementara Usai 80 Siswa SD-SMP Keracunan
405aa07fea66,https://www.kompas.com/sumatera-selatan/read/2025/09/05/153000688/9-siswa-sd-di-muba-diduga-keracunan-makanan-program-makan,9,9.0,table figure appears in article,1.0,9 Siswa SD di Muba Diduga Keracunan Makanan Program Makan Bergizi Gratis
6f5d6ac21ba1,https://regional.kompas.com/read/2025/09/05/140802578/ketua-gugus-di-ntb-sebut-2-sekolah-keracunan-mbg-kita-tidak-mau-anak-anak,2,3500.0,table figure appears in article,1750.0,Ketua Gugus di NTB Sebut 2 Sekolah Keracunan MBG: Kita Tidak Mau Anak-anak Dikasih Makanan
1ab4d9f0cef0,https://www.detik.com/jabar/hukum-dan-kriminal/d-8107679/36-siswa-sd-smp-di-cianjur-keracunan-usai-santap-mbg,36,78.0,table figure appears in article,2.17,36 Siswa SD-SMP di Cianjur Keracunan Usai Santap MBG
25ec472ce230,https://joglosemarnews.com/2025/09/geger-di-wonogiri-110-pelajar-diduga-keracunan-usai-santap-menu-makan-bergizi-gratis-mbg/,110,110.0,table figure appears in article,1.0,Geger di Wonogiri! 110 Pelajar Diduga Keracunan Usai Santap Menu Makan Bergizi Gratis (MBG
82e1785389de,https://rri.co.id/daerah/1827811/pilihan-siswa-di-maluku-barat-daya-keracunan-mbg,40,40.0,table figure appears in article,1.0,Puluhan Siswa di Maluku Barat Daya Keracunan MBG - RRI.co.id
21b9daf46d5c,https://www.koran-gala.id/news/58715927443/sebanyak-69-siswa-smkn-1-cibadak-sukabumi-diduga-keracunan-menu-mbg,69,69.0,table figure appears in article,1.0,Sebanyak 69 Siswa SMKN 1 Cibadak Sukabumi Diduga Keracunan Menu MBG - Koran Gala
87ade11c8fe6,https://www.detik.com/jogja/berita/d-8115413/19-siswa-di-semin-gunungkidul-diduga-keracunan-mbg,19,19.0,table figure appears in article,1.0,19 Siswa di Semin Gunungkidul Diduga Keracunan MBG
f524069084e1,https://www.sulawesitoday.com/berita/1221584838/18-siswa-sdk-toboli-barat-diduga-keracunan-makanan-bergizi-gratis-disdikbud-parigi-moutong-belum-terima-laporan-resmi,18,18.0,table figure appears in article,1.0,"18 Siswa SDK Toboli Barat Diduga Keracunan Makanan Bergizi Gratis, Disdikbud Parigi Mouton"
1400584a98d8,https://www.kompas.tv/regional/617981/37-siswa-di-baubau-diduga-keracunan-massal-usai-santap-makan-bergizi-gratis-sapa-pagi,37,37.0,table figure appears in article,1.0,37 Siswa di Baubau Diduga Keracunan Massal Usai Santap Makan Bergizi Gratis | SAPA PAGI
6b7281443502,https://pamekasanchannel.com/news/daerah/menu-mbg-di-pegantenan-pamekasan-penyebab-keracunan-polisi-8-siswa-alami-muntah-muntah/,8,8.0,table figure appears in article,1.0,"Menu MBG di Pegantenan Pamekasan Penyebab Keracunan, Polisi : 8 Siswa Alami Muntah-muntah"
2bd293f9d80e,https://bandung.kompas.com/read/2025/09/19/202607678/update-korban-keracunan-mbg-di-tasikmalaya-total-52-siswa-sudah-pulang-ke,52,52.0,table figure appears in article,1.0,"Update Korban Keracunan MBG di Tasikmalaya: Total 52 Siswa, Sudah Pulang ke Rumah"
13b2b6ceea41,https://koran.pikiran-rakyat.com/news/pr-3039659563/korban-keracunan-mbg-di-garut-capai-657-siswa-bupati-janji-evaluasi-menyeluruh,657,657.0,table figure appears in article,1.0,"Korban Keracunan MBG di Garut Capai 657 Siswa, Bupati Janji Evaluasi Menyeluruh - Pikiran "
7e6bd3bbe0d8,https://mediakaltimtara.com/diduga-keracunan-makanan-mbg-2-pelajar-sman-1-tanjung-selor-dilarikan-ke-rumah-sakit/,2,2.0,table figure appears in article,1.0,"Diduga Keracunan Makanan MBG, 2 Pelajar SMAN 1 Tanjung Selor Dilarikan ke Rumah Sakit - ME"
8c2717451407,https://news.republika.co.id/berita/t31pal484/tujuh-siswa-sman-15-jakarta-alami-gejala-keracunan-usai-santap-mbg,7,,no counts in article,,Tujuh Siswa SMAN 15 Jakarta Alami Gejala Keracunan Usai Santap MBG |Republika Online
40db7c3551f9,https://surabaya.kompas.com/read/2025/09/24/201250978/7-siswa-sd-diduga-keracunan-mbg-di-bojonegoro-4-di-antaranya-dirujuk-ke-igd,7,7.0,table figure appears in article,1.0,"7 Siswa SD Diduga Keracunan MBG di Bojonegoro, 4 di Antaranya Dirujuk ke IGD RSUD Sosodoro"
4605d3cb2a52,https://regional.kompas.com/read/2025/09/24/161744578/diduga-keracunan-mbg-11-siswa-sd-di-kupang-dilarikan-ke-rumah-sakit,11,11.0,table figure appears in article,1.0,"Diduga Keracunan MBG, 11 Siswa SD di Kupang Dilarikan ke Rumah Sakit"
56f311c67402,https://www.kompas.com/jawa-timur/read/2025/09/24/203000788/6-siswa-smk-di-tuban-diduga-keracunan-mbg-satu-murid-sempat-muntah,6,6.0,table figure appears in article,1.0,"6 Siswa SMK di Tuban Diduga Keracunan MBG, Satu Murid Sempat Muntah Darah"
6700e733368f,https://regional.kompas.com/read/2025/09/24/164242578/173-siswa-smp-di-rembang-diduga-keracunan-mbg-13-orang-harus-rawat-inap,173,173.0,table figure appears in article,1.0,"173 Siswa SMP di Rembang Diduga Keracunan MBG, 13 Orang Harus Rawat Inap"
8f37c859b902,https://sumsel.idntimes.com/news/sumatera-selatan/belasan-siswa-smp-di-oku-dilarikan-ke-puskesmas-diduga-keracunan-mbg-c1c2-01-fzf3x-vxzcjc,12,12.0,table figure appears in article,1.0,"Belasan Siswa SMP di OKU Dilarikan ke Puskesmas, Diduga Keracunan MBG"
df9f81cec4eb,https://regional.kompas.com/read/2025/09/24/213525178/korban-keracunan-mbg-di-ketapang-bertambah-jadi-25-orang-dapur-ditutup,25,25.0,table figure appears in article,1.0,"Korban Keracunan MBG di Ketapang Bertambah Jadi 25 Orang, Dapur Ditutup Sementara"
023d4af2d7d3,https://regional.kompas.com/read/2025/09/25/133740178/imbas-25-siswa-keracunan-dapur-mbg-di-mamuju-ditutup-sementara,25,25.0,table figure appears in article,1.0,"Imbas 25 Siswa Keracunan, Dapur MBG di Mamuju Ditutup Sementara"
4076090e7dcc,https://www.detik.com/jabar/berita/d-8130733/11-siswa-sd-di-subang-alami-mual-muntah-usai-santap-mbg,11,420.0,table figure appears in article,38.18,11 Siswa SD di Subang Alami Mual Muntah Usai Santap MBG
41ea92dc60f1,https://bandung.kompas.com/read/2025/09/25/160208478/puluhan-siswa-sd-di-cianjur-alami-gejala-keracunan-usai-santap-mbg,30,30.0,table figure appears in article,1.0,Puluhan Siswa SD di Cianjur Alami Gejala Keracunan Usai Santap MBG
89fa4e5f8199,https://bandung.kompas.com/read/2025/09/25/111248678/32-pelajar-di-pelabuhanratu-sukabumi-diduga-keracunan-mbg,32,324.0,table figure appears in article,10.12,32 Pelajar di Pelabuhanratu Sukabumi Diduga Keracunan MBG
a2283052c9bf,https://www.kompas.id/artikel/keracunan-mbg-di-sulawesi-tengah-27-siswa-di-parigi-moutong-dirawat-di-rs,27,27.0,table figure appears in article,1.0,"Keracunan MBG di Sulawesi Tengah, 27 Siswa di Parigi Moutong Dirawat di RS"
a36803a852a1,https://www.kompas.com/sumatera-selatan/read/2025/09/25/204500088/14-siswa-smp-negeri-2-karimun-diduga-keracunan-mbg-polisi-ambil,14,14.0,table figure appears in article,1.0,"14 Siswa SMP Negeri 2 Karimun Diduga Keracunan MBG, Polisi Ambil Sampel Menu"
aab43222ca34,https://bandung.kompas.com/read/2025/09/25/165121378/update-korban-keracunan-mbg-di-bandung-barat-tembus-1333-orang,1333,1333.0,table figure appears in article,1.0,Update Korban Keracunan MBG di Bandung Barat Tembus 1.333 Orang
c05864a816aa,https://www.detik.com/bali/nusra/d-8129652/26-santri-ponpes-di-lombok-barat-keracunan-setelah-30-menit-santap-mbg,26,26.0,table figure appears in article,1.0,26 Santri Ponpes di Lombok Barat Keracunan Setelah 30 Menit Santap MBG
d23d8c564aa9,https://regional.kompas.com/read/2025/09/25/162236478/diduga-usai-santap-mbg-15-murid-sd-di-palembang-mual-dan-muntah,15,15.0,table figure appears in article,1.0,"Diduga Usai Santap MBG, 15 Murid SD di Palembang Mual dan Muntah"
d9e44d6f3a8b,https://www.detik.com/kalimantan/berita/d-8130024/siswa-di-sanggau-keracunan-satgas-mbg-turunkan-tim-investigasi,6,,no counts in article,,"Siswa di Sanggau Keracunan, Satgas MBG Turunkan Tim Investigasi"
ed9c3e009e61,https://megapolitan.kompas.com/read/2025/09/25/13450971/kronologi-6-siswa-sdn-07-pulogebang-alami-mual-dan-muntah-usai-santap-mbg,6,6.0,table figure appears in article,1.0,Kronologi 6 Siswa SDN 07 Pulogebang Alami Mual dan Muntah Usai Santap MBG
18b06c155343,https://www.detik.com/jabar/berita/d-8131647/korban-keracunan-mbg-di-sumedang-capai-164-siswa,164,164.0,table figure appears in article,1.0,Korban Keracunan MBG di Sumedang Capai 164 Siswa
676d0ea65463,https://news.detik.com/berita/d-8131586/4-siswa-smp-di-jonggol-bogor-diduga-keracunan-menu-makan-bergizi-gratis,4,1186.0,table figure appears in article,296.5,4 Siswa SMP di Jonggol Bogor Diduga Keracunan Menu Makan Bergizi Gratis
72992a7c8cf7,https://radarlampung.disway.id/read/716610/sikapi-kasus-keracunan-siswa-mbg-wagub-jihan-kuota-dapur-terlalu-besar-perlu-dievaluasi,12,572.0,table figure appears in article,47.67,"Sikapi Kasus Keracunan Siswa MBG, Wagub Jihan: Kuota Dapur Terlalu Besar, Perlu Dievaluasi"
7f284b71b393,https://regional.kompas.com/read/2025/09/26/183320878/ayam-mbg-bau-dan-rasanya-kecut-belasan-siswa-di-konawe-dilarikan-ke-rs,16,11.0,article reports less than table,0.69,"Ayam MBG Bau dan Rasanya Kecut, Belasan Siswa di Konawe Dilarikan ke RS"
9847678ee136,https://www.liputan6.com/regional/read/6169729/siswa-keracunan-massal-mbg-pemprov-lampung-hentikan-sementara-dapur-makanan,27,503.0,table figure appears in article,18.63,"Siswa Keracunan Massal MBG, Pemprov Lampung Hentikan Sementara Dapur Makanan"
c6d4c226f03d,https://kaltim.idntimes.com/news/kalimantan-timur/dugaan-keracunan-mbg-di-balikpapan-sampel-dikirim-ke-bpom-samarinda-00-htmy4-92b081,5,,no counts in article,,"Dugaan Keracunan MBG di Balikpapan, Sampel Dikirim ke BPOM Samarinda"
4a5617f5743b,https://www.detik.com/jateng/berita/d-8133239/26-siswa-di-kebumen-diduga-keracunan-mbg-dipulangkan-dari-rs,176,176.0,table figure appears in article,1.0,26 Siswa di Kebumen Diduga Keracunan MBG Dipulangkan dari RS
a45c6c3db10e,https://regional.kompas.com/read/2025/09/28/101559678/diduga-keracunan-16-siswa-sd-di-jember-mual-dan-sakit-perut-usai-santap-mbg,16,16.0,table figure appears in article,1.0,"Diduga Keracunan, 16 Siswa SD di Jember Mual dan Sakit Perut Usai Santap MBG"
2952931eb9cc,https://surabaya.kompas.com/read/2025/09/29/122807778/kepala-smpn-1-batu-ungkap-kronologi-belasan-siswa-sakit-perut-usai-santap,12,949.0,table figure appears in article,79.08,Kepala SMPN 1 Batu Ungkap Kronologi Belasan Siswa Sakit Perut Usai Santap Menu MBG
2b80613f6882,https://regional.kompas.com/read/2025/09/29/125310878/dugaan-keracunan-mbg-di-banyumas-korban-bertambah-jadi-408-siswa,408,408.0,table figure appears in article,1.0,"Dugaan Keracunan MBG di Banyumas, Korban Bertambah Jadi 408 Siswa"
6a7c15a47675,https://lampung.idntimes.com/news/lampung/siswa-sekolah-tubaba-dan-lampura-diduga-keracunan-santap-mbg-00-5h6fh-4dw7l1,8,16.0,table figure appears in article,2.0,Siswa Sekolah Tubaba dan Lampura Diduga Keracunan Santap MBG
612309682ee6,https://regional.kompas.com/read/2025/09/30/142743778/20-siswa-sd-di-ungaran-diduga-keracunan-mbg,20,20.0,table figure appears in article,1.0,20 Siswa SD di Ungaran Diduga Keracunan MBG
bc38b63875ee,https://www.detik.com/jateng/berita/d-8138233/siswa-sd-diduga-keracunan-mbg-spageti-di-banyumas-jadi-94-begini-kondisinya,94,94.0,table figure appears in article,1.0,"Siswa SD Diduga Keracunan MBG Spageti di Banyumas Jadi 94, Begini Kondisinya"
be8ea133defb,https://www.detik.com/kalimantan/berita/d-8136915/9-pelajar-smp-di-kayong-utara-diduga-keracunan-mbg-muntahan-diuji-lab,9,9.0,table figure appears in article,1.0,"9 Pelajar SMP di Kayong Utara Diduga Keracunan MBG, Muntahan Diuji Lab"
ee3b38c1f335,https://www.detik.com/sumbagsel/berita/d-8138143/52-pelajar-sma-di-lampung-utara-keracunan-mbg-usai-santap-ayam-crispy,52,52.0,table figure appears in article,1.0,52 pelajar SMA di Lampung Utara Keracunan MBG Usai Santap Ayam Crispy
f7a40f926da6,https://www.suaramerdeka.com/jawa-tengah/0416003607/kasus-keracunan-di-jepara-program-makan-bergizi-gratis-tetap-jalan-pengawasan-diperketat,35,3554.0,table figure appears in article,101.54,"Kasus Keracunan di Jepara: Program Makan Bergizi Gratis Tetap Jalan, Pengawasan Diperketat"
fda341f33ea9,https://news.detik.com/berita/d-8137416/27-siswa-sd-di-palangka-raya-mual-pusing-usai-santap-burger-mbg,27,27.0,table figure appears in article,1.0,27 Siswa SD di Palangka Raya Mual-Pusing Usai Santap Burger MBG
113d2044018d,https://www.suara.com/news/2025/10/01/144207/korban-keracunan-mbg-di-sdn-gedong-jadi-22-siswa-komnas-pa-kritik-guru-jadi-pencicip-makanan,22,22.0,table figure appears in article,1.0,"Korban Keracunan MBG di SDN Gedong Jadi 22 Siswa, Komnas PA Kritik Guru Jadi Pencicip Maka"
2ef797c38f6d,https://www.tvonenews.com/berita/nasional/376029-338-siswa-keracunan-mbg-di-banggai-kepala-bgn-sebut-karena-ganti-supplier-ikan-cakalang,338,338.0,table figure appears in article,1.0,"338 Siswa Keracunan MBG di Banggai, Kepala BGN Sebut karena Ganti Supplier Ikan Cakalang"
bdb59b57adad,https://www.detik.com/jabar/berita/d-8139574/8-siswa-mi-di-pangandaran-diduga-keracunan-usai-santap-mbg,8,8.0,table figure appears in article,1.0,8 Siswa MI di Pangandaran Diduga Keracunan Usai Santap MBG
cd7fdddd77ec,https://www.detik.com/jabar/bisnis/d-8139357/3-dari-107-siswa-sdn-pasir-angin-02-bogor-muntah-usai-santap-mbg,3,104.0,article reports more than table,34.67,3 dari 107 Siswa SDN Pasir Angin 02 Bogor Muntah Usai Santap MBG
296c7108e7ad,https://www.detik.com/jatim/berita/d-8141008/belum-selesai-keracunan-smkn-1-sine-5-siswi-mts-di-ngawi-alami-mual-mual,5,45.0,table figure appears in article,9.0,"Belum Selesai Keracunan SMKN 1 Sine, 5 Siswi MTs di Ngawi Alami Mual-mual"
3cb98fe13609,https://blokbojonegoro.com/2025/10/02/dugaan-keracunan-massal-mbg-di-kedungadem-bojonegoro-seluruh-siswa-telah-dipulangkan/,6,61.0,table figure appears in article,10.17,"Dugaan Keracunan Massal MBG di Kedungadem Bojonegoro, Seluruh Siswa Telah Dipulangkan"
7346c99b77ef,https://megapolitan.kompas.com/read/2025/10/02/16383171/6-siswa-sdn-kota-baru-3-bekasi-diduga-keracunan-usai-santap-mbg,6,6.0,table figure appears in article,1.0,6 Siswa SDN Kota Baru 3 Bekasi Diduga Keracunan Usai Santap MBG
7b8e68e12170,https://disway.id/read/901860/79-siswa-smp-di-banjar-diduga-keracunan-mbg-41-masih-dirawat,79,79.0,table figure appears in article,1.0,"79 Siswa SMP di Banjar Diduga Keracunan MBG, 41 Masih Dirawat"
8912f7f25840,https://regional.kompas.com/read/2025/10/02/142025478/keracunan-mbg-di-nunukan-bertambah-jadi-145-anak-telur-rebus-diduga-jadi,145,145.0,table figure appears in article,1.0,"Keracunan MBG di Nunukan Bertambah Jadi 145 Anak, Telur Rebus Diduga Jadi Penyebab"
c17d9961ed19,https://www.detik.com/jatim/berita/d-8141923/7-siswa-sdn-bojonegoro-dilarikan-ke-puskesmas-diduga-keracunan-mbg,7,7.0,table figure appears in article,1.0,7 Siswa SDN Bojonegoro Dilarikan ke Puskesmas Diduga Keracunan MBG
d4130040fdb2,https://beritajatim.com/ratusan-siswa-sman-1-kedungadem-bojonegoro-diduga-keracunan-usai-santap-mbg,544,544.0,table figure appears in article,1.0,Ratusan Siswa SMAN 1 Kedungadem Bojonegoro Diduga Keracunan Usai Santap MBG | beritajatim.
404c7458b8f4,https://www.detik.com/jogja/berita/d-8143427/keracunan-mbg-hari-ini-juga-terjadi-di-gunungkidul,6,,no counts in article,,Keracunan MBG Hari Ini Juga Terjadi di Gunungkidul
42585c280e9b,https://regional.kompas.com/read/2025/10/03/143203478/3-murid-sd-aceh-utara-mual-dan-muntah-diduga-setelah-makan-mbg,3,3.0,table figure appears in article,1.0,3 Murid SD Aceh Utara Mual dan Muntah Diduga Setelah Makan MBG
6243ed724c96,https://www.detik.com/jabar/berita/d-8143212/korban-keracunan-mbg-di-tasikmalaya-tembus-115-orang,115,115.0,table figure appears in article,1.0,Korban Keracunan MBG di Tasikmalaya Tembus 115 Orang
6c838d3ac88b,https://rri.co.id/makan-bergizi-gratis/1879386/keracunan-massal-mbg-di-garut-capai-307-orang,307,307.0,table figure appears in article,1.0,Keracunan Massal MBG di Garut Capai 307 Orang - RRI.co.id
6cefa7ea83f9,https://www.kompas.com/sumatera-barat/read/2025/10/03/181500288/-kronologi-122-korban-keracunan-program-mbg-di-agam-diduga-akibat,122,122.0,table figure appears in article,1.0,"Kronologi 122 Korban Keracunan Program MBG di Agam, Diduga akibat Nasi Goreng"
f3a7a53436f7,https://jabar.suara.com/read/2025/10/03/184731/lagi-siswa-sd-di-ciamis-keracunan-massal-usai-santap-mbg,10,118.0,table figure appears in article,11.8,Lagi! Siswa SD di Ciamis Keracunan Massal Usai Santap MBG
f06a8fdd3f9a,https://regional.kompas.com/read/2025/10/04/105048078/bertambah-lagi-jumlah-korban-keracunan-mbg-di-purworejo-kini-134-orang,134,134.0,table figure appears in article,1.0,"Bertambah Lagi, Jumlah Korban Keracunan MBG di Purworejo Kini 134 Orang"
2681103a47db,https://harian7.com/2025/10/ratusan-siswa-smpn-8-salatiga-absen-diduga-keracunan-makanan-mbg.html,192,529.0,table figure appears in article,2.76,"Ratusan Siswa SMPN 8 Salatiga Absen, Diduga Keracunan Makanan MBG"
67ac30879c11,https://solopos.espos.id/imbas-12-pelajar-diduga-keracunan-mbg-sppg-karanganyar-ditutup-2149197,12,12.0,table figure appears in article,1.0,"Imbas 12 Pelajar Diduga Keracunan MBG, SPPG Karanganyar Ditutup"
6bfd37cad43f,https://regional.kompas.com/read/2025/10/07/165931478/168-siswa-diduga-keracunan-mbg-sppg-popongan-2-karanganyar-dihentikan,168,168.0,table figure appears in article,1.0,"168 Siswa Diduga Keracunan MBG, SPPG Popongan 2 Karanganyar Dihentikan Sementara"
724b8b13ba82,https://regional.kompas.com/read/2025/10/07/162259678/414-siswa-keracunan-mbg-operasional-sppg-giyanti-temanggung-dihentikan,414,414.0,table figure appears in article,1.0,"414 Siswa Keracunan MBG, Operasional SPPG Giyanti Temanggung Dihentikan Sementara"
4397c1f2a8a7,https://lampung.idntimes.com/news/lampung/belasan-siswa-sma-di-lamteng-diduga-keracunan-mbg-jaksa-turun-tangan-00-5h6fh-5xq1g3,14,14.0,table figure appears in article,1.0,"Belasan Siswa SMA di Lamteng Diduga Keracunan MBG, Jaksa Turun Tangan"
caf5f48d7cd8,https://www.tempo.co/politik/bgn-hentikan-operasional-sppg-kota-soe-1-setelah-terjadi-keracunan-mbg-2077551,384,384.0,table figure appears in article,1.0,BGN Hentikan Operasional SPPG Kota Soe 1 Setelah Terjadi Keracunan MBG
f0929d35217d,https://www.detik.com/jateng/berita/d-8151170/ratusan-siswa-dan-santri-di-slogohimo-wonogiri-diduga-keracunan-mbg,131,131.0,table figure appears in article,1.0,Ratusan Siswa dan Santri di Slogohimo Wonogiri Diduga Keracunan MBG
465ff6e8304c,https://www.hulondalo.id/news/96416054595/11-siswa-smk-tridarma-kota-gorontalo-diduga-keracunan-usai-konsumsi-mbg,11,11.0,table figure appears in article,1.0,11 Siswa SMK Tridarma Kota Gorontalo Diduga Keracunan usai Konsumsi MBG - Hulondalo
4bbf0bab0120,https://www.detik.com/jateng/berita/d-8153672/korban-keracunan-mbg-di-wedi-klaten-bertambah-total-49-siswa,49,49.0,table figure appears in article,1.0,"Korban Keracunan MBG di Wedi Klaten Bertambah, Total 49 Siswa"
e73bb4ca9bbb,https://cianjurekspres.disway.id/read/19461/kasus-dugaan-keracunan-mbg-terulang-kembali-di-cianjur-16-siswa-jadi-korban,16,16.0,table figure appears in article,1.0,"Kasus Dugaan Keracunan MBG Terulang Kembali di Cianjur, 16 Siswa Jadi Korban"
4e09e313edb4,https://www.kilasbanggai.com/uncategorized/keracunan-mbg-di-moilong-terus-bertambah-tembus-123-siswa-44-orang-rawat-inap/,123,123.0,table figure appears in article,1.0,"Keracunan MBG di Moilong Terus Bertambah: Tembus 123 Siswa, 44 Orang Rawat Inap"
efcac9afd9cf,https://www.detik.com/bali/nusra/d-8157046/mbg-makan-korban-lagi-guru-siswa-dua-sd-di-bima-keracunan,23,12.0,article reports less than table,0.52,"MBG Makan Korban Lagi, Guru-Siswa Dua SD di Bima Keracunan"
bef880f91205,https://news.detik.com/berita/d-8159232/17-siswa-smp-di-karanganyar-diduga-keracunan-mbg-dilarikan-ke-puskesmas,17,1084.0,table figure appears in article,63.76,"17 Siswa SMP di Karanganyar Diduga Keracunan MBG, Dilarikan ke Puskesmas"
0f2f218c39e7,https://www.detik.com/jatim/berita/d-8160971/8-siswa-smkn-tambakboyo-tuban-dilarikan-ke-puskesmas-gegara-mbg,8,8.0,table figure appears in article,1.0,8 Siswa SMKN Tambakboyo Tuban Dilarikan ke Puskesmas gegara MBG
eb58fdf02aa1,https://bandung.kompas.com/read/2025/10/14/182839778/balita-di-tasikmalaya-diduga-keracunan-mbg-orangtua-pembagian-siang-dimakan,11,11.0,table figure appears in article,1.0,"Balita di Tasikmalaya Diduga Keracunan MBG, Orangtua: Pembagian Siang Dimakan Sore Hari"
f9bb442386bf,https://surabaya.kompas.com/read/2025/10/14/130005978/keracunan-mbg-di-tulungagung-bertambah-jadi-68-siswa-kadinkes-dari-awal,68,68.0,table figure appears in article,1.0,"Keracunan MBG di Tulungagung Bertambah Jadi 68 Siswa, Kadinkes: Dari Awal, Kami Sudah Siag"
66fe0ae8fde8,https://sekitarjatim.com/2025/10/15/sembilan-siswa-sd-di-pamekasan-diduga-keracunan-makanan-program-bergizi-gratis/,9,,no counts in article,,Sembilan Siswa SD di Pamekasan Diduga Keracunan Makanan Program Bergizi Gratis
fe318cd6adfc,https://mataram.antaranews.com/berita/496981/puluhan-santri-di-lotim-diare-diduga-usai-santap-mbg-begini-tanggapan-sppg,51,51.0,table figure appears in article,1.0,"Puluhan santri di Lotim diare diduga usai santap MBG, begini tanggapan SPPG"
481d2c0b4a0b,https://yogyakarta.kompas.com/read/2025/10/16/141711978/426-siswa-sma-1-yogyakarta-sakit-perut-usai-santap-mbg,426,426.0,table figure appears in article,1.0,426 Siswa SMA 1 Yogyakarta Sakit Perut usai Santap MBG
57edc95d4a4f,https://yogyakarta.kompas.com/read/2025/10/16/175003078/65-siswa-sma-muhammadiyah-7-yogyakarta-diare-usai-santap-mbg-dari-sppg,65,500.0,table figure appears in article,7.69,65 Siswa SMA Muhammadiyah 7 Yogyakarta Diare Usai Santap MBG dari SPPG yang Sama dengan SM
687f40b8980e,https://bandung.kompas.com/read/2025/10/16/135546578/korban-keracunan-mbg-di-bandung-barat-tembus-518-korban-50-siswa-masih,518,518.0,table figure appears in article,1.0,"Korban Keracunan MBG di Bandung Barat Tembus 518 Korban, 50 Siswa Masih Dirawat"
878f0a4b9d26,https://bandung.kompas.com/read/2025/10/17/222324678/diduga-keracunan-mbg-7-siswa-sdn-ciangsana-02-bogor-mual-dan-muntah,7,3034.0,table figure appears in article,433.43,"Diduga Keracunan MBG, 7 Siswa SDN Ciangsana 02 Bogor Mual dan Muntah"
f5fe23071b83,https://bandung.kompas.com/read/2025/10/17/163905178/13-siswa-sd-di-tasikmalaya-diduga-keracunan-mbg-menu-nasi-goreng-guru,13,13.0,table figure appears in article,1.0,"13 Siswa SD di Tasikmalaya Diduga Keracunan MBG Menu Nasi Goreng, Guru: Nasgornya Sudah Ba"
e0c32e6b1c96,https://www.detik.com/kalimantan/berita/d-8170946/puluhan-siswa-smpn-33-banjarmasin-diduga-keracunan-mbg,40,,no counts in article,,Puluhan Siswa SMPN 33 Banjarmasin Diduga Keracunan MBG
2817a80ba84f,https://seblang.com/bencana/dugaan-keracunan-massal-mbg-112-siswa-man-1-banyuwangi-terserang-diare/,112,112.0,table figure appears in article,1.0,"Dugaan Keracunan Massal MBG, 112 Siswa MAN 1 Banyuwangi Terserang Diare"
62946289cf84,https://regional.kompas.com/read/2025/10/23/155851478/siswa-mts-di-mamuju-yang-keracunan-mbg-bertambah-jadi-25-orang-dinkes,26,25.0,table figure appears in article,0.96,"Siswa MTS di Mamuju yang Keracunan MBG Bertambah Jadi 25 Orang, Dinkes Sulbar Tetapkan KLB"
ad57a298b32a,https://rejabar.republika.co.id/berita/t4l7g2512/lagi-keracunan-terjadi-usai-konsumsi-mbg-di-bandung-barat-korban-puluhan-siswa,30,232.0,table figure appears in article,7.73,"Lagi, Keracunan Terjadi Usai Konsumsi MBG di Bandung Barat Korban Puluhan Siswa |Republika"
0b0a35abd39d,https://jogja.suara.com/read/2025/10/24/125019/terjadi-lagi-ratusan-siswa-di-sleman-diare-dan-pusing-massal-setelah-santap-mbg,300,300.0,table figure appears in article,1.0,"Terjadi Lagi, Ratusan Siswa di Sleman Diare dan Pusing Massal setelah Santap MBG"
cf28a2f2d095,https://suaracirebon.com/2025/10/24/13-murid-sdn-kesenden-cirebon-diduga-keracunan-mbg/,13,127.0,table figure appears in article,9.77,13 Murid SDN Kesenden Cirebon Diduga Keracunan MBG - Suara Cirebon
3e2a9e681159,https://surabaya.kompas.com/read/2025/10/29/161955078/siswa-korban-keracunan-mbg-di-kalipuro-banyuwangi-bertambah-jadi-133-orang,133,133.0,table figure appears in article,1.0,Siswa Korban Keracunan MBG di Kalipuro Banyuwangi Bertambah Jadi 133 Orang
40fa13bf0f2b,https://yogyakarta.kompas.com/read/2025/10/29/151239178/hampir-700-anak-dari-2-sekolah-diduga-keracunan-mbg-di-gunungkidul,695,1154.0,table figure appears in article,1.66,Hampir 700 anak dari 2 Sekolah Diduga Keracunan MBG di Gunungkidul
0f24059c9f99,https://www.koran-gala.id/news/58716170691/dapur-sppg-cibodas-2-ditutup-sementara-imbas-kasus-keracunan-mbg-yang-mencapai-236-korban-di-lembang,236,236.0,table figure appears in article,1.0,"Dapur SPPG Cibodas 2 Ditutup Sementara, Imbas Kasus Keracunan MBG yang Mencapai 236 Korban"
28417fecb4f1,https://indonesia.jakartadaily.id/ekonomi-bisnis/69316182933/sdn-meruya-selatan-01-hentikan-sementara-program-mbg-20-siswa-diduga-keracunan,20,20.0,table figure appears in article,1.0,"SDN Meruya Selatan 01 Hentikan Sementara Program MBG, 20 Siswa Diduga Keracunan - Jakarta "
ae77c7d3c189,https://www.detik.com/jabar/cirebon-raya/d-8193968/20-siswa-sd-di-cirebon-keracunan-soto-mbg-polisi-dinkes-turun-tangan,20,20.0,table figure appears in article,1.0,"20 Siswa SD di Cirebon Keracunan Soto MBG, Polisi-Dinkes Turun Tangan"
345b0a08ce6a,https://joglosemarnews.com/2025/11/547-siswa-di-gunungkidul-keracunan-usai-makan-menu-mbg-dapur-masih-jalan-terus/,547,816.0,table figure appears in article,1.49,"547 Siswa di Gunungkidul Keracunan Usai Makan Menu MBG, Dapur Masih Jalan Terus! » JOGLOSE"
bcf207fb03a5,https://www.tandaseru.com/2025/11/06/25-siswa-sd-di-ternate-diduga-keracunan-usai-santap-mbg/,25,25.0,table figure appears in article,1.0,25 Siswa SD di Ternate Diduga Keracunan Usai Santap MBG
25bfc678ad75,https://harianmuba.disway.id/utama/read/665577/diduga-keracunan-menu-mbg-20-santri-ponpes-zaadul-maad-palembang-sempat-dilarikan-ke-klinik,20,20.0,table figure appears in article,1.0,"Diduga Keracunan Menu MBG, 20 Santri Ponpes Zaadul Ma’ad Palembang Sempat Dilarikan ke Kli"
824626bdd8c0,https://www.metropolitan.id/berita-hari-ini/95316240989/252-siswa-sma-di-ntt-keracunan-massal-setelah-makan-bergizi-gratis-mengeluh-gejala-pusing-dan-mual,252,252.0,table figure appears in article,1.0,"252 Siswa SMA di NTT Keracunan Massal Setelah Makan Bergizi Gratis, Mengeluh Gejala Pusing"
c51b76c34085,https://www.detik.com/jabar/berita/d-8206996/21-siswa-keracunan-mbg-di-kbb-satu-masih-dirawat,21,21.0,table figure appears in article,1.0,"21 Siswa Keracunan MBG di KBB, Satu Masih Dirawat"
f1b223b25695,https://www.kompas.id/artikel/kasus-berulang-50-murid-keracunan-mbg-di-kota-bogor,50,13371.0,table figure appears in article,267.42,"Kasus Berulang, 50 Murid di Bogor Keracunan MBG"
4cb9c646cc28,https://banyumasekspres.id/112-santri-ponpes-nurul-ali-magelang-alami-keracunan-usai-konsumsi-makanan-mbg/,112,2275.0,table figure appears in article,20.31,112 Santri Ponpes Nurul Ali Magelang Alami Keracunan Usai Konsumsi Makanan MBG – BANYUMASE
70b8825741d2,https://harianmuria.com/news/17-siswa-smp-kendal-di-rs-puskesmas/,17,17.0,table figure appears in article,1.0,"17 Siswa SMPN 1 Kendal Dilarikan Ke RS Dan Puskesmas, Diduga Keracunan Menu MBG - Harian M"
619f00e3bf1d,https://memorandum.disway.id/ngawi/read/145178/87-siswa-ngawi-diduga-keracunan-massal-dua-anak-masih-jalani-perawatan,87,87.0,table figure appears in article,1.0,"87 Siswa Ngawi Diduga Keracunan Massal, Dua Anak Masih Jalani Perawatan"
d48eac005d63,https://ttu.inews.id/read/655286/anak-sekolah-di-ttu-diduga-keracunan-mbg-dilarikan-ke-rsud-kefamenanu,12,12.0,table figure appears in article,1.0,"Anak Sekolah di TTU Diduga Keracunan MBG, Dilarikan ke RSUD Kefamenanu"
df29b027bddc,https://jatimnet.com/puluhan-siswa-sd-di-mejayan-madiun-diduga-keracunan-mbg,49,2819.0,table figure appears in article,57.53,Puluhan Siswa SD di Mejayan Madiun Diduga Keracunan MBG - Jatimnet.com
5656b9997a8b,https://blokbojonegoro.com/2025/11/29/puluhan-siswa-diduga-keracunan-makanan-kepala-man-1-bojonegoro-pilih-tunggu-hasil-medis,30,30.0,table figure appears in article,1.0,"Puluhan Siswa Diduga Keracunan Makanan, Kepala MAN 1 Bojonegoro Pilih Tunggu Hasil Medis"
7e2a051352e4,https://www.koranmandala.com/daerah/206780/74-siswa-keracunan-usai-konsumsi-menu-mbg-dapur-cigandamekar/,74,74.0,table figure appears in article,1.0,74 Siswa Keracunan Usai Konsumsi Menu MBG Dapur Cigandamekar - Koran Mandala
27349c249fce,https://www.detik.com/jatim/berita/d-8241365/77-siswa-di-sumberwringin-bondowoso-diduga-keracunan-mbg,77,77.0,table figure appears in article,1.0,77 Siswa di Sumberwringin Bondowoso Diduga Keracunan MBG
7575858eeb4d,https://cnnnusantara.com/berita-pulau-sumatera/belasan-siswa-dan-guru-keracunan-program-mbg-di-way-kanan-ketua-for-win-desak-polres-usut-tuntas/,12,11.0,table figure appears in article,0.92,"Belasan Siswa dan Guru Keracunan Program MBG di Way Kanan, Ketua For-WIN Desak Polres Usut"
cec4d43aff3a,https://mediabbc.co.id/sppg-di-bawah-sorotan-krisis-tata-kelola-dan-transparansi-mencuat-setelah-puluhan-siswa-sman-2-palembang-sakit-usai-konsumsi-mbg/,23,23.0,table figure appears in article,1.0,SPPG Di Bawah Sorotan: Krisis Tata Kelola dan Transparansi Mencuat Setelah Puluhan Siswa S
0584f4028a2e,https://www.infodesanews.com/langkah-cepat-tim-dinkes-lamsel-telusuri-dugaan-keracunan-makanan-mbg-di-smpn-kalianda/,6,,no counts in article,,Langkah Cepat Tim Dinkes Lamsel Telusuri Dugaan Keracunan Makanan MBG di SMPN Kalianda - I
fadd7d414772,https://www.nabirenews.com/kesehatan/2622005342/kasus-keracunan-mbg-waisai-86-pasien-dirawat-83-sudah-pulih-3-masih-dirawat,86,86.0,table figure appears in article,1.0,"Kasus Keracunan MBG Waisai: 86 Pasien Dirawat, 83 Sudah Pulih, 3 Masih Dirawat - Nabirenew"
4717c85102c6,https://beritajatim.com/total-220-siswa-keracunan-mbg-di-ngawi-gagal-ikut-ujian-akhir-semester,220,90000.0,table figure appears in article,409.09,"Total 220 Siswa Keracunan MBG di Ngawi, Gagal Ikut Ujian Akhir Semester"
bde2a8e86ab9,https://jurnalpost.com/keracunan-massal-mbg-di-pangkep-74-siswa-dilarikan-ke-puskesmas-rs/88893/,74,74.0,table figure appears in article,1.0,"Keracunan Massal MBG di Pangkep, 74 Siswa Dilarikan ke Puskesmas-RS"
0f4feebe8e03,https://rri.co.id/palu/daerah/2033850/lima-siswa-tampanombo-diduga-keracunan-usai-konsumsi-mbg,5,5.0,table figure appears in article,1.0,Lima Siswa Tampanombo Diduga Keracunan Usai Konsumsi MBG - RRI.co.id
49a9c416a8c7,https://lintasmuria.com/2025/12/13/puluhan-balita-di-grobogan-diduga-keracunan-menu-mbg-pemkab-lapor-bgn/,23,23.0,table figure appears in article,1.0,"Puluhan Balita di Grobogan Diduga Keracunan Menu MBG, Pemkab Lapor BGN - LINTAS MURIA"
0d52cf6849c0,https://radarpekalongan.disway.id/read/108184/diduga-keracunan-mbg-15-pelajar-sdn-1-kedungwuni-sempat-dilarikan-ke-puskesmas-dan-rumah-sakit,15,15.0,table figure appears in article,1.0,"Diduga Keracunan MBG, 15 Pelajar SDN 1 Kedungwuni Sempat Dilarikan ke Puskesmas dan Rumah "
ba00e884edc5,https://news.detik.com/berita/d-8305630/803-orang-di-grobogan-diduga-keracunan-mbg-dari-menu-ayam,803,2904.0,table figure appears in article,3.62,803 Orang di Grobogan Diduga Keracunan MBG dari Menu Ayam
1e02cc951a3d,https://www.suaramerdeka.com/jawa-tengah/0416564471/korban-keracunan-massal-di-jatisrono-wonogiri-capai-206-siswa-diduga-karena-mbg,206,952.0,table figure appears in article,4.62,"Korban Keracunan Massal di Jatisrono Wonogiri Capai 206 Siswa, Diduga Karena MBG - Suara M"
8d57bb272637,https://jatim.suaramerdeka.com/jatim/108816561588/korban-dugaan-keracunan-mbg-di-mojokerto-tembus-780-orang-dispendik-dan-kemenag-buka-data-terbaru?page=2,780,780.0,table figure appears in article,1.0,"Korban Dugaan Keracunan MBG di Mojokerto Tembus 780 Orang, Dispendik dan Kemenag Buka Data"
fbef6b66822f,https://www.kalderanews.com/2026/01/lebih-dari-seribu-anak-keracunan-mbg-sepanjang-januari-jppi-sekolah-diduga-dibungkam/,66,658.0,table figure appears in article,9.97,"Lebih dari Seribu Anak Keracunan MBG Sepanjang Januari, JPPI: Sekolah Diduga Dibungkam – h"
36f89f9b2a21,https://www.merdeka.com/peristiwa/puluhan-pelajar-di-lombok-tengah-keracunan-usai-konsumsi-susu-program-mbg-522733-mvk.html,38,38.0,table figure appears in article,1.0,Puluhan Pelajar di Lombok Tengah Keracunan Usai Konsumsi Susu Program MBG - merdeka.com
1e2835fc6007,https://www.detik.com/jateng/berita/d-8322042/75-siswa-5-guru-smpn-10-kota-magelang-diduga-keracunan-mbg,80,75.0,table figure appears in article,0.94,75 Siswa-5 Guru SMPN 10 Kota Magelang Diduga Keracunan MBG
8adb3be61b89,https://yogyakarta.kompas.com/read/2026/01/23/054238878/korban-keracunan-mbg-di-kulon-progo-capai-104-orang?page=all#page3,104,104.0,table figure appears in article,1.0,Korban Keracunan MBG di Kulon Progo Capai 104 Orang
9c15ec0ae6cb,https://www.riauonline.co.id/riau/read/2026/01/23/puluhan-siswa-smkn-1-kandis-dilarikan-ke-klinik-usai-santap-mbg-diduga-keracunan,21,21.0,table figure appears in article,1.0,"Puluhan Siswa SMKN 1 Kandis Dilarikan ke Klinik Usai Santap MBG, Diduga Keracunan"
005de1fcd2e6,https://regional.kompas.com/read/2026/01/27/190043678/korban-keracunan-makanan-di-sekolah-cianjur-bertambah-jadi-33-siswa-12-anak,19,33.0,article reports more than table,1.74,"Korban Keracunan Makanan di Sekolah Cianjur Bertambah Jadi 33 Siswa, 12 Anak Dirujuk ke RS"
e0658587a245,https://yogyakarta.kompas.com/read/2026/01/27/192839378/puluhan-siswa-dan-guru-smp-muhammadiyah-playen-mengeluh-diare-dan-mual,58,48.0,table figure appears in article,0.83,"Puluhan Siswa dan Guru SMP Muhammadiyah Playen Mengeluh Diare dan Mual usai Santap MBG, SP"
0586da3cb9ad,https://www.kompas.tv/regional/647214/600-siswa-sma-di-kudus-keracunan-mbg-118-di-antaranya-dirawat-di-rumah-sakit,600,600.0,table figure appears in article,1.0,"600 Siswa SMA di Kudus Keracunan MBG, 118 di Antaranya Dirawat di Rumah Sakit"
52beaa1de197,https://www.liputan6.com/regional/read/6267651/update-keracunan-massal-mbg-tomohon-64-siswa-masih-jalani-rawat-inap,197,64.0,article reports less than table,0.32,Update Keracunan Massal MBG Tomohon: 64 Siswa Masih Jalani Rawat Inap
59685da99b9b,https://www.detik.com/sulsel/berita/d-8330979/141-siswa-tk-smp-diduga-keracunan-mbg-di-buol-korban-dirawat-di-rs-puskesmas,141,141.0,table figure appears in article,1.0,"141 Siswa TK-SMP Diduga Keracunan MBG di Buol, Korban Dirawat di RS-Puskesmas"
7c3b47193ac6,https://prfmnews.pikiran-rakyat.com/jawa-barat/pr-139967875/buntut-keracunan-mbg-3-dapur-sppg-di-cianjur-ditutup,300,300.0,table figure appears in article,1.0,"Buntut Keracunan MBG, 3 Dapur SPPG di Cianjur Ditutup - PRFM News"
fc8ce5cd3555,https://regional.kompas.com/read/2026/01/30/161147778/8-pelajar-sd-di-grobogan-diduga-keracunan-mbg-dilarikan-ke-puskesmas,8,8.0,table figure appears in article,1.0,"8 Pelajar SD di Grobogan Diduga Keracunan MBG, Dilarikan ke Puskesmas"
0ed741c399b0,https://www.jambiseru.com/berita/31/01/korban-keracunan-mbg-di-muaro-jambi-tembus-150-pelajar-puluhan-masih-dirawat-inap,150,150.0,table figure appears in article,1.0,"Korban Keracunan MBG di Muaro Jambi Tembus 150 Pelajar, Puluhan Masih Dirawat Inap"
32c4e2095e74,https://kumbanews.com/132-siswa-di-manggarai-barat-ntt-keracunan-makan-bergizi-gratis-dapur-mbg-ditutup-sementara/,132,132.0,table figure appears in article,1.0,"132 Siswa di Manggarai Barat NTT Keracunan Makan Bergizi Gratis, Dapur MBG Ditutup Sementa"
592574316dae,https://www.merdeka.com/peristiwa/baru-makan-dua-suap-empat-siswa-smp-di-palembang-keracunan-mbg-529726-mvk.html,4,,no counts in article,,"Baru Makan Dua Suap, Empat Siswa SMP di Palembang Keracunan MBG - merdeka.com"
258903495764,https://beritasulsel.com/baca/diduga-keracunan-mbg-8-santri-pesantren-di-pinrang-dilarikan-ke-puskesmas,8,8.0,table figure appears in article,1.0,"Diduga Keracunan MBG, 8 Santri Pesantren di Pinrang Dilarikan ke Puskesmas"
b43e8fcb204e,https://minakonews.com/gelombang-keracunan-massal-siswa-program-mbg-disorot/,157,157.0,table figure appears in article,1.0,"Gelombang Keracunan Massal Siswa, Program MBG Disorot"
46fa7810922a,https://wartapontianak.pikiran-rakyat.com/kalbar/pr-1179990397/puluhan-siswa-man-model-kota-singkawang-diduga-keracunan-usai-santap-mbg,56,56.0,table figure appears in article,1.0,Puluhan Siswa MAN Model Kota Singkawang Diduga Keracunan Usai Santap MBG - Warta Pontianak
4f8fc7ead11c,https://beritasampit.com/2026/02/09/16-warga-palangka-raya-keracunan-usai-santap-mbg-pemprov-kalteng-turun-tangan/,16,16.0,table figure appears in article,1.0,"16 Warga Palangka Raya Keracunan Usai Santap MBG, Pemprov Kalteng Turun Tangan - Berita Sa"
d47d8eb66ae5,https://harianmuria.com/pati/puluhan-siswa-smkn-4-pati-diduga-keracunan-usai-makan-mbg/,22,22.0,table figure appears in article,1.0,Puluhan Siswa SMKN 4 Pati Diduga Keracunan Usai Makan MBG - Harian Muria
a657b61430cc,https://bacaini.id/tumbal-mbg-24-siswa-sd-tulungagung-keracunan-massal/,24,24.0,table figure appears in article,1.0,"‘Tumbal’ MBG Kembali Berjatuhan, 24 Siswa SD di Tulungagung Keracunan Massal"
369466bb9946,https://www.merdeka.com/peristiwa/15-santri-di-ogan-ilir-diduga-keracunan-mbg-korban-muntah-muntah-sebelum-dilarikan-ke-rs-533475-mvk.html,15,15.0,table figure appears in article,1.0,"15 Santri di Ogan Ilir Diduga Keracunan MBG, Korban Muntah-Muntah Sebelum Dilarikan ke RS "
b01a35b48371,https://www.wartaindonesianews.co.id/2026/02/lagi-lagi-mbg-bermasalah-telur-puyuh.html,26,,no counts in article,,Lagi-Lagi MBG Bermasalah: Telur Puyuh Busuk dari Dapur SPPG
ba0d89cf2479,https://mistar.id/news/hukum-peristiwa/siswa-keracunan-mbg-di-dairi-terus-bertambah-total-271-orang,271,271.0,table figure appears in article,1.0,"Siswa Keracunan MBG di Dairi Terus Bertambah, Total 271 Orang"
bcd83736124e,https://www.detik.com/jatim/berita/d-8356836/puluhan-santri-diduga-keracunan-mbg-di-ngawi-masih-dirawat,67,300.0,table figure appears in article,4.48,Puluhan Santri Diduga Keracunan MBG di Ngawi Masih Dirawat
86e8e5095159,https://puskapik.com/tegal/tiga-siswa-smp-pius-tegal-diduga-keracunan-roti-mbg-sempat-dilarikan-ke-rs,3,,no counts in article,,"Tiga Siswa SMP PIUS Tegal Diduga Keracunan Roti MBG, Semp..."
2d4128fc7c85,https://lampungcity.co/kasus-keracunan-massal-mbg-menggala-bertambah-35-siswa-jadi-korban-dapur-sppg-belum-kantongi-sertifikat-higiene/,35,35.0,table figure appears in article,1.0,"Kasus Keracunan Massal MBG Menggala Bertambah: 35 Siswa Jadi Korban, Dapur SPPG Belum Kant"
245c4431ed35,https://bandungbergerak.id/article/detail/1546036135/keracunan-massal-mbg-terulang-46-siswa-dan-guru-di-kota-cimahi-jadi-korban,46,2000.0,table figure appears in article,43.48,"Keracunan Massal MBG Terulang, 46 Siswa dan Guru di Kota Cimah..."
5fe4e416f679,https://www.merdeka.com/peristiwa/dinkes-tetapkan-dugaan-keracunan-makanan-bergizi-gratis-aceh-selatan-sebagai-klb-542158-mvk.html,18,18.0,table figure appears in article,1.0,Dinkes Tetapkan Dugaan Keracunan Makanan Bergizi Gratis Aceh Selatan sebagai KLB - merdeka
e474188d3696,https://www.victorynews.id/nasional/33116819723/ratusan-siswa-sman-1-insana-alami-gejala-keracunan-usai-santap-menu-mbg-dari-sppg-susulaku,300,10.0,article reports less than table,0.03,Ratusan Siswa SMAN 1 Insana Alami Gejala Keracunan Usai Santap Menu MBG dari SPPG Susulaku
f7e5f9a64e6f,https://www.detik.com/jatim/berita/d-8386411/31-santri-di-jombang-keracunan-usai-santap-telur-asin-mbg,31,84.0,table figure appears in article,2.71,31 Santri di Jombang Keracunan Usai Santap Telur Asin MBG
380047def5fa,https://lingkarjabar.com/puluhan-santri-dan-guru-di-sukabumi-diduga-keracunan-usai-santap-program-mbg-47-orang-sempat-alami-keluhan/,47,349.0,table figure appears in article,7.43,"Puluhan Santri dan Guru di Sukabumi Diduga Keracunan Usai Santap Program MBG, 47 Orang Sem"
d0139f8ed60c,https://www.cirebonraya.com/ciayumajakuning/43716855496/usai-santap-roti-dan-makanan-mbg-diduga-keracunan-siswi-sma-negeri-1-jamblang-cirebon-dilarikan-ke-rumah-sakit,1,,no counts in article,,"Usai Santap Roti dan Makanan MBG, Diduga Keracunan, Siswi SMA Negeri 1 Jamblang, Cirebon D"
ce2cc8245216,https://www.detik.com/sulsel/berita/d-8425094/17-siswa-sd-di-enrekang-muntah-diare-usai-santap-mbg,17,17.0,table figure appears in article,1.0,17 Siswa SD di Enrekang Muntah-Diare Usai Santap MBG
74c3e7597788,https://www.detik.com/jabar/berita/d-8435452/107-warga-diduga-keracunan-mbg-sppg-menu-sama-sekolah-nihil-keluhan,107,107.0,table figure appears in article,1.0,"107 Warga Diduga Keracunan MBG, SPPG: Menu Sama, Sekolah Nihil Keluhan"
4a8b96182d3d,https://www.detik.com/jogja/berita/d-8437025/19-murid-sd-diduga-keracunan-mbg-sppg-ditutup-sementara,19,19.0,table figure appears in article,1.0,"19 Murid SD Diduga Keracunan MBG, SPPG Ditutup Sementara"
c983500b35fc,https://www.detik.com/jateng/berita/d-8436385/murid-smkn-1-klaten-diduga-keracunan-usai-makan-mi-ayam-mbg,10,10.0,table figure appears in article,1.0,Murid SMKN 1 Klaten Diduga Keracunan Usai Makan Mi Ayam MBG
4ecb88db9eca,https://jambitv.disway.id/kota-jambi/read/13307/heboh-dugaan-keracunan-mbg-di-smpn-7-kota-jambi-ini-fakta-dan-klarifikasi-sekolah,3,20.0,article reports more than table,6.67,"Heboh Dugaan Keracunan MBG di SMPN 7 Kota Jambi, Ini Fakta dan Klarifikasi Sekolah"
bb2f929011a4,https://jatim.suaramerdeka.com/jatim/108816976765/sejumlah-siswa-di-mojokerto-diduga-keracunan-usai-makan-menu-mbg,79,,no counts in article,,Sejumlah Siswa di Mojokerto Diduga Keracunan Usai Makan Menu MBG - Suara Merdeka Jatim
d9694521d669,https://banten.akurat.co/news/848143/puluhan-siswa-keracunan-di-kecamatan-pinang-kota-tangerang-wahidin-halim-semprot-yayasan-banten-hebat,100,100.0,table figure appears in article,1.0,"Puluhan Siswa Keracunan di Kecamatan Pinang Kota Tangerang, Wahidin Halim Semprot Yayasan "
e1c059d209f2,https://priangan.com/pasca-119-siswa-terdampak-suplai-mbg-di-sman-1-cisayong-dihentikan-total/,119,119.0,table figure appears in article,1.0,"Pasca 119 Siswa Terdampak, Suplai MBG di SMAN 1 Cisayong Dihentikan Total"
6043980bc5a5,https://koranlombok.id/2026/04/14/bgn-cabut-suspend-tujuh-sppg-muncul-11-korban-dugaan-keracunan-mbg-di-prai-meke/,11,11.0,table figure appears in article,1.0,"BGN Cabut Suspend Tujuh SPPG, Muncul 11 Korban Dugaan Keracunan MBG di Prai Meke - koranlo"
607a2b77b7eb,https://www.pojoksatu.id/nasional/1087357559/geger-80-siswa-dan-guru-di-bantul-diduga-keracunan-makan-bergizi-gratis-gejalanya-muncul-sehari-setelah-makan,80,80.0,table figure appears in article,1.0,"Geger! 80 Siswa dan Guru di Bantul Diduga Keracunan Makan Bergizi Gratis, Gejalanya Muncul"
62785e11e1b5,https://memorandum.disway.id/madiun/read/156554/diduga-keracunan-mbg-belasan-siswa-sdn-1-demangan-madiun-dilarikan-ke-rumah-sakit,18,18.0,table figure appears in article,1.0,"Diduga Keracunan MBG, Belasan Siswa SDN 1 Demangan Madiun Dilarikan ke Rumah Sakit"
692cb35cc10e,https://www.detik.com/jatim/berita/d-8447730/17-warga-di-bojonegoro-keracunan-usai-santap-menu-mbg-ada-ibu-hamil,17,17.0,table figure appears in article,1.0,"17 Warga di Bojonegoro Keracunan Usai Santap Menu MBG, Ada Ibu Hamil"
0369902538ec,https://www.lensapurwakarta.com/saba-desa/28517009190/46-warga-desa-cariumulya-kabupaten-karawang-diduga-keracunan-mbg-korban-merasa-pusing-dan-mual,46,46.0,table figure appears in article,1.0,46 Warga Desa Cariumulya Kabupaten Karawang Diduga Keracunan MBG Korban Merasa Pusing dan 
8ae56e72e45c,https://www.suara.com/news/2026/04/17/213500/49-siswa-di-cilegon-diduga-keracunan-mbg-polisi-telusuri-sisa-makanan-hingga-darah-korban,49,49.0,table figure appears in article,1.0,"49 Siswa di Cilegon Diduga Keracunan MBG, Polisi Telusuri Sisa Makanan Hingga Darah Korban"
add23f2fed11,https://www.nabirenews.com/kesehatan/2622532683/kronologi-7-siswa-sd-inpres-oyehe-diduga-keracunan-mbg-sempat-dirawat-di-klinik,7,7.0,table figure appears in article,1.0,"KRONOLOGI 7 Siswa SD Inpres Oyehe Diduga Keracunan MBG, Sempat Dirawat di Klinik - Nabiren"
c8688d8ea8c6,https://pacitanku.com/2026/04/18/bakteri-jadi-biang-keracunan-dprd-pacitan-desak-evaluasi-total-mbg/,158,158.0,table figure appears in article,1.0,"Bakteri Jadi Biang Keracunan, DPRD Desak Evaluasi Total MBG"
9e08be7dbe63,https://regional.kompas.com/read/2026/04/19/174048678/ratusan-santri-demak-diduga-keracunan-usai-santap-mbg?page=all,189,95.0,article reports less than table,0.5,Ratusan Santri Demak Diduga Keracunan Usai Santap MBG
d69cc19d5e15,https://rri.co.id/banten/nasional/2351429/dugaan-keracunan-mbg-kembali-terjadi-di-kota-cilegon,19,49.0,table figure appears in article,2.58,Dugaan Keracunan MBG Kembali Terjadi di Kota Cilegon - RRI.co.id
ba1d142541fe,https://semarang.viva.co.id/berita/6843-diduga-keracun22-siswa-sd-di-rembang-dilarikan-ke-puskesmas-setelah-makan-menu-mbg,22,22.0,table figure appears in article,1.0,22 Siswa SD di Rembang Dilarikan ke Puskesmas Setelah Makan Menu MBG
4da5c5be60ee,https://www.radarbanten.co.id/2026/04/23/keracunan-mbg-terjadi-lagi-kini-menimpa-11-siswa-smp-pgri-cilegon/,11,11.0,table figure appears in article,1.0,"Keracunan MBG Terjadi Lagi, Kini Menimpa 11 Siswa SMP PGRI Cilegon - radarbanten.co.id"
99ce90035029,https://www.detik.com/jatim/berita/d-8458292/kondisi-terkini-belasan-siswa-di-sampang-yang-gatal-gatal-usai-santap-mbg,19,19.0,table figure appears in article,1.0,Kondisi Terkini Belasan Siswa di Sampang yang Gatal-gatal Usai Santap MBG
2ca4ba8f3aa4,https://kupastuntas.co/2026/04/24/ratusan-siswa-sman-6-diduga-keracunan-mbg-dapur-way-lunik-disetop-sementara,172,172.0,table figure appears in article,1.0,"Ratusan Siswa SMAN 6 Diduga Keracunan MBG, Dapur Way Lunik Disetop Sementara"
99a94e42c82b,https://www.detik.com/jatim/berita/d-8460176/siswa-di-3-sd-kediri-keracunan-mbg-walkot-vinanda-perintahkan-investigasi,73,73.0,table figure appears in article,1.0,"Siswa di 3 SD Kediri Keracunan MBG, Walkot Vinanda Perintahkan Investigasi"
b3dacbf8a241,https://updatesulsel.id/28-siswa-keracunan-mbg-di-bontomanai-jeneponto-diminta-ditutup-sementara/,28,28.0,table figure appears in article,1.0,"28 Siswa Keracunan, MBG di Bontomanai Jeneponto Diminta Ditutup Sementara • Update Sulsel"
82b3bbe49131,https://cianjurekspres.disway.id/metropolis/read/20790/balita-keracunan-diduga-usai-santap-mbg-di-leles-cianjur-meninggal-dunia,134,134.0,table figure appears in article,1.0,Balita Keracunan Diduga Usai Santap MBG di Leles Cianjur Meninggal Dunia
2aeebf64029c,https://kicknews.today/keracunan-massal-mbg-di-lombok-timur-bertambah-ibu-hamil-ikut-dirawat/,51,51.0,table figure appears in article,1.0,"Keracunan massal MBG di Lombok Timur bertambah, ibu hamil ikut dirawat - kicknews.today"
c8beaca492d4,https://beritaborneo.com/main/61-korban-keracunan-dprd-kalsel-minta-sistem-mbg-dibongkar-ulang/,61,61.0,table figure appears in article,1.0,"61 Korban Keracunan, DPRD Kalsel Minta Sistem MBG Dibongkar Ulang"
5ac30e8e1778,https://regional.kompas.com/read/2026/04/30/224346078/diduga-keracunan-mbg-37-siswa-dan-6-guru-di-kabupaten-timor-tengah-selatan?,43,37.0,table figure appears in article,0.86,"Diduga Keracunan MBG, 37 Siswa dan 6 Guru di Kabupaten Timor Tengah Selatan Dirawat"
ab10534b1848,https://selatanindonesia.com/diduga-keracunan-mbg-lebih-dari-100-anak-di-sumba-tengah-dilarikan-ke-fasilitas-kesehatan/,100,1000.0,article reports more than table,10.0,"Diduga Keracunan MBG, Lebih dari 100 Anak di Sumba Tengah Dilarikan ke Fasilitas Kesehatan"
efddb0542965,https://jateng.harianjogja.com/read/2026/04/30/648/1254508/584-siswa-dan-guru-di-klaten-diduga-keracunan-mbg,584,970.0,table figure appears in article,1.66,584 Siswa dan Guru di Klaten Diduga Keracunan MBG
90667f00209a,https://www.hariansib.com/Marsipature-Hutanabe/443537/11-pelajar-sd-diduga-keracunan-mbg-di-deliserdang/,11,163.0,table figure appears in article,14.82,11 Pelajar SD Diduga Keracunan MBG di Deliserdang
b78dbec6715c,https://www.rinews.id/dugaan-keracunan-massal-mbg-di-smkn-1-jatiroto-ratusan-siswa-dan-guru-alami-diare-penyebab-masih-diselidiki/,242,235.0,table figure appears in article,0.97,PORTAL BERITA INDONESIA | Berita hari ini | Dugaan Keracunan Massal MBG di SMKN 1 Jatiroto
70aa8a5f74b7,https://news.detik.com/berita/d-8481654/252-siswa-di-jaktim-diduga-keracunan-mbg-alami-gejala-usai-makan-pangsit-tahu,252,252.0,table figure appears in article,1.0,"252 Siswa di Jaktim Diduga Keracunan MBG, Alami Gejala Usai Makan Pangsit Tahu"
a1259dd54ae4,https://penafaktual.com/sakit-perut-hingga-muntah-muntah-11-siswa-sd-di-kolaka-tumbang-usai-makan-program-mbg/,11,11.0,table figure appears in article,1.0,"Sakit Perut hingga Muntah-muntah, 11 Siswa SD di Kolaka Tumbang Usai Makan Program MBG"
9f77f162bebb,https://cianjurekspres.disway.id/metropolis/read/20901/belasan-siswa-sd-di-pagelaran-cianjur-diduga-keracunan-usai-konsumsi-mbg-dan-jajanan-es,19,19.0,table figure appears in article,1.0,"Belasan Siswa SD di Pagelaran Cianjur Diduga Keracunan, Usai Konsumsi MBG dan Jajanan Es"
a9a45b4b9941,https://atlasnews.id/daerah/geger-23-siswa-di-kupang-barat-diduga-keracunan-mbg-puskesmas-batakte-sigap-beri-pertolongan-pertama/,23,23.0,table figure appears in article,1.0,"Geger! 23 Siswa Di Kupang Barat Diduga Keracunan MBG, Puskesmas Batakte Sigap Beri Pertolo"
58e072a43fd4,https://www.detik.com/jatim/berita/d-8489569/keracunan-mbg-210-siswa-surabaya-bongkar-banyak-sppg-tak-kantongi-slhs,210,210.0,table figure appears in article,1.0,Keracunan MBG 210 Siswa Surabaya Bongkar Banyak SPPG Tak Kantongi SLHS
20a05ccec68a,https://prianganinsider.pikiran-rakyat.com/priangan/pr-38310221715/heboh-di-garut-program-mbg-berujung-dugaan-keracunan-massal-orang-tua-panik,57,57.0,table figure appears in article,1.0,"Heboh di Garut! Program MBG Berujung Dugaan Keracunan Massal, Orang Tua Panik - Priangan I"
70feadd7d4f5,https://mataexpose.co.id/post/15-siswa-sd-di-sambas-diduga-alami-keracunan-usai-santap-menu-makan-bergizi-gratis-investigasi-dapur-mitra-dimulai,15,15.0,table figure appears in article,1.0,"15 Siswa SD di Sambas Diduga Alami Keracunan Usai Santap Menu Makan Bergizi Gratis, Invest"
66b3ebb5db92,https://megapolitan.kompas.com/read/2026/05/26/15212251/116-siswa-smp-di-grogol-jakbar-diduga-keracunan-usai-santap-mbg,116,169.0,table figure appears in article,1.46,116 Siswa SMP di Grogol Jakbar Diduga Keracunan Usai Santap MBG
e9936e468e90,https://www.detik.com/jabar/cirebon-raya/d-8512997/sppg-di-talaga-majalengka-disetop-sementara-usai-22-siswa-dirawat-rs,22,22.0,table figure appears in article,1.0,SPPG di Talaga Majalengka Disetop Sementara Usai 22 Siswa Dirawat RS
b75515ac0ef7,https://betv.disway.id/daerah/read/73679/bertambah-menjadi-16-orang-korban-keracunan-mbg-di-kepahiang-termasuk-guru-dan-penjaga-sekolah,16,16.0,table figure appears in article,1.0,"Bertambah Menjadi 16 Orang, Korban Keracunan MBG di Kepahiang Termasuk Guru dan Penjaga Se"
41042cccf8cb,https://www.detik.com/jatim/berita/d-8518917/total-84-siswa-sman-1-kokop-bangkalan-keracunan-mbg-12-masih-dirawat,84,84.0,table figure appears in article,1.0,"Total 84 Siswa SMAN 1 Kokop Bangkalan Keracunan MBG, 12 Masih Dirawat"
295843dc6bd2,https://atlasnews.id/daerah/diduga-keracunan-mbg-delapan-siswa-dan-seorang-guru-di-takari-jalani-observasi-medis/,9,,no counts in article,,"Diduga Keracunan MBG, Delapan Siswa Dan Seorang Guru Di Takari Jalani Observasi Medis - At"
2a137651f484,https://regional.espos.id/23-siswa-sd-di-bantul-diduga-keracunan-mbg-sampel-makanan-diuji-lab-2213609,23,71.0,table figure appears in article,3.09,"23 Siswa SD di Bantul Diduga Keracunan MBG, Sampel Makanan Diuji Lab"
f07891896c12,https://www.liputan6.com/regional/read/7894521/ibu-dan-dua-anak-diduga-keracunan-susu-mbg-ini-kata-pengelola-sppg,3,,no counts in article,,"Ibu dan Dua Anak Diduga Keracunan Susu MBG, Ini Kata Pengelola SPPG"
88fdcb9f057d,https://beritajatim.com/diduga-keracunan-makanan-mbg-14-siswa-sman-1-pandaan-mual-dan-muntah-9-dilarikan-ke-igd,14,14.0,table figure appears in article,1.0,"Diduga Keracunan Makanan MBG, 14 Siswa SMAN 1 Pandaan Mual dan Muntah, 9 Dilarikan ke IGD "
c9b77e81e7e2,https://transtwonews.com/2026/07/sebanyak-117-orang-diduga-keracunan-makan-bergizi-gratis-kembali-terulang-di-garut-jawa-barat/,117,117.0,table figure appears in article,1.0,Sebanyak 117 Orang Diduga Keracunan Makan BerGizi Gratis Kembali Terulang Di Garut Jawa Ba
e1bb389ecb23,https://www.detik.com/sumbagsel/berita/d-8588523/puluhan-siswa-guru-sd-di-pesawaran-keracunan-diduga-usai-santap-menu-mbg,33,33.0,table figure appears in article,1.0,Puluhan Siswa-Guru SD di Pesawaran Keracunan Diduga Usai Santap Menu MBG
562170129a08,https://kediritangguh.co/update-keracunan-211-orang-alami-gejala-usai-santap-mbg-di-kediri-kadinkes-penghentian-sppg-kewenangan-bgn/,211,211.0,table figure appears in article,1.0,"UPDATE KERACUNAN! 211 Orang Alami Gejala Usai Santap MBG di Kediri, Kadinkes: Penghentian "
e2f6882a2681,https://afu.id/nusantara/33-siswa-sdn-kauman-1-malang-keracunan-distribusi-mbg-dihentikan-usai-temuan-e-coli,33,538.0,table figure appears in article,16.3,"Puluhan Siswa SDN Kauman 1 Malang Keracunan, Distribusi MBG Dihentikan usai Temuan E. coli"
ce521f01ce91,https://jabar.idntimes.com/news/jawa-barat/puluhan-siswa-sd-di-sukabumi-keracunan-susu-mbg-diduga-kedaluwarsa-00-6snxf-yg9t08,39,39.0,table figure appears in article,1.0,"Puluhan Siswa SD di Sukabumi Keracunan Susu MBG, Diduga Kedaluwarsa"
3224be6a304e,https://eksposkaltim.com/berita-18043-dugaan-keracunan-massal-mbg-di-kukar-puluhan-pelajar-dilarikan-ke-puskesmas-.html,46,46.0,table figure appears in article,1.0,"EKSPOSKALTIM - Dugaan Keracunan Massal MBG di Kukar, Puluhan Pelajar Dilarikan ke Puskesma"
74c2d534b0b3,https://www.detik.com/kalimantan/berita/d-8601733/sppg-di-seruyan-dihentikan-usai-156-penerima-mbg-diduga-keracunan,156,156.0,table figure appears in article,1.0,SPPG di Seruyan Dihentikan Usai 156 Penerima MBG Diduga Keracunan
324416f4b9ad,https://www.rmoljawatengah.id/korban-dugaan-keracunan-mbg-rembang-bertambah-jadi-299-orang,299,299.0,table figure appears in article,1.0,Korban Dugaan Keracunan MBG Rembang Bertambah Jadi 299 Orang
4cbdaced5c07,https://inilahcianjur.com/2026/08/250-siswa-tumbang-usai-santap-mbg-dugaan-keracunan-gegerkan-warungkondang/,250,250.0,table figure appears in article,1.0,"250 Siswa Tumbang Usai Santap MBG, Dugaan Keracunan Gegerkan Warungkondang - INILAH CIANJU"
6f217b526d2b,https://www.detik.com/jateng/berita/d-8609653/korban-keracunan-mbg-di-candimulyo-magelang-capai-28-orang,28,28.0,table figure appears in article,1.0,Korban Keracunan MBG di Candimulyo Magelang Capai 28 Orang
8b743b5fbe0c,https://www.detik.com/kalimantan/berita/d-8614428/puluhan-siswa-di-bontang-sakit-usai-santap-mbg-2-kepala-sppg-dicopot,27,31.0,article reports more than table,1.15,"Puluhan Siswa di Bontang Sakit Usai Santap MBG, 2 Kepala SPPG Dicopot"
685a4ffe0206,https://www.detik.com/jateng/berita/d-8615906/165-siswa-man-2-banyumas-diduga-keracunan-mbg-104-masih-bergejala,165,219.0,table figure appears in article,1.33,"165 Siswa MAN 2 Banyumas Diduga Keracunan MBG, 104 Masih Bergejala"
290cf9f5f626,https://pekanbaru.inews.id/read/709211/puluhan-siswa-sd-di-dumai-keracunan-mbg,42,42.0,table figure appears in article,1.0,Puluhan Siswa SD di Dumai Keracunan MBG
78a530b0cdb9,https://www.detik.com/jatim/berita/d-8616277/jumlah-siswa-keracunan-mbg-di-trenggalek-bertambah-ada-yang-rawat-inap,423,421.0,article reports less than table,1.0,"Jumlah Siswa Keracunan MBG di Trenggalek Bertambah, Ada yang Rawat Inap"
8088f2e955d1,https://sukabumisatu.com/dugaan-keracunan-massal-mbg-di-ponpes-baiti-jannati-sukabumi-134-santri-tumbang-pengawasan-penyedia-makanan-dipertanyakan/,134,134.0,table figure appears in article,1.0,"Dugaan Keracunan Massal MBG di Ponpes Baiti Jannati Sukabumi: 134 Santri Tumbang, Pengawas"
aa28868fd059,https://news.harianjogja.com/r-1267563/361-siswa-diduga-keracunan-mbg-di-karo-1-dirawat-intensif-di-medan,361,361.0,table figure appears in article,1.0,"361 Siswa Diduga Keracunan MBG di Karo, 1 Dirawat Intensif di Medan"
bb93f1261249,https://portal.banggaikep.go.id/puluhan-siswa-di-banggai-kepulauan-diduga-keracunan-usai-santap-mbg-pemda-bangkep-turun-ke-lokasi/,51,51.0,table figure appears in article,1.0,Website Kabupaten Banggai kepulauan
1c99ac369afe,https://www.detik.com/jateng/berita/d-8629066/seratusan-murid-guru-2-smpn-di-boyolali-diduga-keracunan-mbg,100,96.0,article reports less than table,0.96,Seratusan Murid-Guru 2 SMPN di Boyolali Diduga Keracunan MBG
04f4d3657036,https://memorandum.disway.id/jatim/read/168455/tragedi-ratusan-siswa-jadi-korban-keracunan-mbg-fraksi-pdip-dprd-jatim-desak-evaluasi-total-tata-kelola-sppg,103,261.0,table figure appears in article,2.53,"Tragedi Ratusan Siswa Jadi Korban Keracunan MBG, Fraksi PDIP DPRD Jatim Desak Evaluasi Tot"
fc4ffd93b1d9,https://mediaindonesia.com/nusantara/929333/777-siswa-dan-guru-sma-negeri-1-lasem-rembang-diduga-keracunan-makan-bergizi-grati,777,1174.0,table figure appears in article,1.51,777 Siswa dan Guru SMA Negeri 1 Lasem Rembang Diduga Keracunan Makan Bergizi Gratis
697ac7f64af7,https://regional.kompas.com/read/2026/09/04/194652378/313-siswa-mim-di-klaten-diduga-keracunan-mbg-76-diperiksa-dan-tak-ada-yang,313,313.0,table figure appears in article,1.0,"313 Siswa MIM di Klaten Diduga Keracunan MBG, 76 Diperiksa dan Tak Ada yang Dirawat"
b270efffbc79,https://www.tempo.co/politik/keracunan-mbg-terus-terjadi-kali-ini-terjadi-di-bengkulu-2285541,7,7.0,table figure appears in article,1.0,"Keracunan MBG Terus Terjadi, Kali Ini Terjadi di Bengkulu"
bcc4eec726a7,https://surabaya.kompas.com/read/2026/09/04/182005678/korban-diduga-keracunan-mbg-di-jombang-bertambah-jadi-260-orang-dinkes,260,260.0,table figure appears in article,1.0,"Korban Diduga Keracunan MBG di Jombang Bertambah Jadi 260 Orang, Dinkes Evaluasi SLHS SPPG"
c3974f9a5bdd,https://sumbarkita.id/korban-keracunan-mbg-di-agam-capai-344-orang-lima-masih-dirawat/,344,344.0,table figure appears in article,1.0,"Korban Keracunan MBG di Agam Capai 344 Orang, Lima Masih Dirawat - Sumbarkita.id"
f6d59ebefe97,https://www.detik.com/jatim/berita/d-8648306/korban-keracunan-mbg-di-sidoarjo-jadi-748-orang,748,748.0,table figure appears in article,1.0,Korban Keracunan MBG di Sidoarjo Jadi 748 Orang!
d7ccc09818e2,https://www.detik.com/jateng/berita/d-8653953/137-siswa-guru-sman-1-tunjungan-blora-keracunan-mbg,137,137.0,table figure appears in article,1.0,137 Siswa-Guru SMAN 1 Tunjungan Blora Keracunan MBG
5487f0c42f28,https://surabaya.kompas.com/read/2026/09/09/162042878/guru-dan-siswa-sd-di-madiun-diduga-keracunan-mbg-dirawat-di-puskesmas-dan,30,30.0,table figure appears in article,1.0,"Guru dan Siswa SD di Madiun Diduga Keracunan MBG, Dirawat di Puskesmas dan RSUD"
3e08bdb714d6,https://www.cirebonraya.com/nusantara/43717620491/lagi-ratusan-siswa-dan-guru-di-jepara-diduga-keracunan-massal-menu-mbg-operasional-sppg-sekuro-disetop-sementara,398,370.0,table figure appears in article,0.93,"Lagi, Ratusan Siswa dan Guru di Jepara Diduga Keracunan Massal Menu MBG, Operasional SPPG "
6b16c2552b5c,https://serikatnews.com/korban-keracunan-mbg-di-pati-capai-424-orang/,424,424.0,table figure appears in article,1.0,Korban Keracunan MBG di Pati Capai 424 Orang - serikatnews.com
89b73ceff7a7,https://afu.id/nasional/keracunan-mbg-di-lombok-tengah-masif-352-siswa-sd-jadi-korban-wali-murid-geram-desak-program-dihentikan,352,352.0,table figure appears in article,1.0,"Keracunan MBG di Lombok Tengah Masif, 352 Siswa SD jadi Korban, Wali Murid Geram Desak Pro"
fcf0be269ac9,https://www.cnnindonesia.com/nasional/20260911180218-20-1402945/keracunan-massal-mbg-toraja-ayam-bumbu-kuning-positif-bakteri,193,193.0,table figure appears in article,1.0,"Keracunan Massal MBG Toraja, Ayam Bumbu Kuning Positif Bakteri"
e2567de0711c,https://info86news.com/5-orang-siswa-smp-swasta-ahmad-dahlan-aek-kanopan-labuhanbatu-utara-diduga-keracuan-usai-mengkonsumsi-mbg/,5,5.0,table figure appears in article,1.0,5 Orang Siswa SMP Swasta Ahmad Dahlan Aek Kanopan Labuhanbatu Utara Diduga Keracuan Usai M
9fcddf7ba6ff,https://medan.kompas.com/read/2026/09/14/162019778/puluhan-siswa-di-asahan-diduga-keracunan-mbg-sejumlah-ompreng-berbau-tak-sedap,30,,no counts in article,,"Puluhan Siswa di Asahan Diduga Keracunan MBG, Sejumlah Ompreng Berbau Tak Sedap"
0a3f3f801c8a,https://afu.id/humaniora/keracunan-mbg-77-siswa-dan-guru-di-trenggalek-alami-diare-massal,77,77.0,table figure appears in article,1.0,"Keracunan MBG, 77 Siswa dan Guru di Trenggalek Alami Diare Massal | AFU.id"
bdfe93b41b2e,https://www.beritanusa.com/sumatera-utara/2503031129/kembali-terjadi-35-siswa-smkn-1-merdeka-karo-diduga-keracunan-menu-mbg-30-dirawat-di-rs,35,35.0,table figure appears in article,1.0,"Kembali Terjadi! 35 Siswa SMKN 1 Merdeka Karo Diduga Keracunan Menu MBG, 30 Dirawat di RS "
84203d48e39b,https://lampung.viva.co.id/pendidikan/10127-11-siswa-mi-syamsul-maarif-diduga-keracunan-puskesmas-ketapang-ambil-sampel-dapur-mbg-sppg,11,11.0,table figure appears in article,1.0,"11 Siswa MI Syamsul Maarif Diduga Keracunan, Puskesmas Ketapang Ambil Sampel Dapur MBG-SPP"
92c51abaf7b1,https://jogjapolitan.harianjogja.com/r-1271607/kronologi-puluhan-siswa-temon-kulonprogo-keracunan-mbg-menu-diduga-berlendir,29,58.0,table figure appears in article,2.0,"Kronologi Puluhan Siswa Temon Kulonprogo Keracunan MBG, Menu Diduga Berlendir"
dce34c3c9c90,https://www.detik.com/jatim/berita/d-8667384/200-siswa-dan-guru-smkn-1-boyolangu-tulungagung-diduga-keracunan-mbg,200,200.0,table figure appears in article,1.0,200 Siswa dan Guru SMKN 1 Boyolangu Tulungagung Diduga Keracunan MBG
2d4be4eb8edf,https://www.klikwarta.com/105-siswa-di-tawangmangu-karanganyar-keracunan-menu-mbg-satu-dapur-sppg-ditutup-sementara,105,105.0,table figure appears in article,1.0,"105 Siswa di Tawangmangu Karanganyar Keracunan Menu MBG, Satu Dapur SPPG Ditutup Sementara"
55227906d5c7,https://afu.id/humaniora/127-siswa-keracunan-usai-santap-mbg-di-pariaman-sppg-ditutup,127,127.0,table figure appears in article,1.0,"127 Siswa Keracunan Usai Santap MBG di Pariaman, SPPG Ditutup | AFU.id"
c2b8e1795155,https://surabaya.kompas.com/read/2026/09/18/113044678/dugaan-keracunan-mbg-di-kediri-meluas-37-siswa-dari-3-sekolah-terdampak,37,37.0,table figure appears in article,1.0,"Dugaan Keracunan MBG di Kediri Meluas, 37 Siswa dari 3 Sekolah Terdampak"
ca45b5d6d816,https://doorstop.id/enam-siswa-mi-al-arifin-dilarikan-ke-puskesmas-diduga-usai-santap-mbg-guru-temukan-ulat-dalam-susu/,6,,no counts in article,,"Enam Siswa MI Al-Arifin Dilarikan ke Puskesmas, Diduga Usai Santap MBG, Guru Temukan Ulat "
e5eb444e0548,https://www.liputan7.id/berita/2123036685/dugaan-keracunan-susu-program-mbg-di-sdn-maitan-01-pati-dinkes-lakukan-investigasi,17,424.0,table figure appears in article,24.94,"Dugaan Keracunan Susu Program MBG di SDN Maitan 01 Pati, Dinkes Lakukan Investigasi - Lipu"
f2a7ad28413a,https://www.postkotantb.com/2025/11/71-santri-dan-siswa-di-brang-rea-ksb.html,71,71.0,table figure appears in article,1.0,"71 Santri dan Siswa di Brang Rea KSB Diduga Keracunan MBG, Dapur UD Nabila Erni Dihentikan"
529fe8a8827c,https://insidepontianak.com/article/42255/lagi-siswa-sd-di-kubu-raya-diduga-keracunan-mbg-ayam-goreng-disebut-berbau-dan-keras,12,12.0,table figure appears in article,1.0,"Lagi, Siswa SD di Kubu Raya Diduga Keracunan MBG: Ayam Goreng Disebut Berbau dan Keras"
e7701cc2a200,https://jatim.antaranews.com/berita/1025378/ratusan-siswa-smkn-3-boyolangu-alami-diare-diduga-keracunan-mbg,123,123.0,table figure appears in article,1.0,Ratusan siswa SMKN 3 Boyolangu alami diare diduga keracunan MBG - ANTARA News Jawa Timur
