event_id,date_start,kabkota,province,cited_articles,discovered_articles,state_cited_only,state_all,resolved_by_discovery,first_cause_finding_date,days_to_first_cause_finding,agents
id.Daftar_kasus_keracunan_massal_makan_siang_gratis#e0539,2024-10-02,Kabupaten Nganjuk,Jawa Timur,1,0,no cause information,no cause information,False,,,[]
id.Daftar_kasus_keracunan_massal_makan_siang_gratis#e0169,2025-01-13,Kabupaten Nunukan,Kalimantan Utara,1,0,"samples taken, no result stated","samples taken, no result stated",False,,,[]
id.Daftar_kasus_keracunan_massal_makan_siang_gratis#e0170,2025-01-13,Kabupaten Nunukan,Kalimantan Utara,1,0,no cause information,no cause information,False,,,[]
id.Daftar_kasus_keracunan_massal_makan_siang_gratis#e0219,2025-01-14,Kabupaten Indramayu,Jawa Barat,1,0,no cause information,no cause information,False,,,[]
id.Daftar_kasus_keracunan_massal_makan_siang_gratis#e0361,2025-01-16,Kabupaten Sukoharjo,Jawa Tengah,0,0,no article read,no article read,False,,,[]
id.Daftar_kasus_keracunan_massal_makan_siang_gratis#e0191,2025-01-19,Kabupaten Pandeglang,Banten,1,0,"samples taken, no result stated","samples taken, no result stated",False,,,[]
id.Daftar_kasus_keracunan_massal_makan_siang_gratis#e0482,2025-01-20,Kabupaten Kulon Progo,DI Yogyakarta,1,0,awaiting lab / cause unknown,awaiting lab / cause unknown,False,,,[]
id.Daftar_kasus_keracunan_massal_makan_siang_gratis#e0047,2025-02-18,Kabupaten Empat Lawang,Sumatera Selatan,0,0,no article read,no article read,False,,,[]
id.Daftar_kasus_keracunan_massal_makan_siang_gratis#e0706,2025-02-18,Kabupaten Sumba Timur,Nusa Tenggara Timur,1,0,"samples taken, no result stated","samples taken, no result stated",False,,,[]
id.Daftar_kasus_keracunan_massal_makan_siang_gratis#e0150,2025-02-25,Kabupaten Kubu Raya,Kalimantan Barat,0,0,no article read,no article read,False,,,[]
id.Daftar_kasus_keracunan_massal_makan_siang_gratis#e0792,2025-02-26,Kabupaten Takalar,Sulawesi Selatan,1,0,no cause information,no cause information,False,,,[]
id.Daftar_kasus_keracunan_massal_makan_siang_gratis#e0793,2025-02-26,Kabupaten Takalar,Sulawesi Selatan,1,0,no cause information,no cause information,False,,,[]
id.Daftar_kasus_keracunan_massal_makan_siang_gratis#e0794,2025-02-26,Kabupaten Takalar,Sulawesi Selatan,1,0,no cause information,no cause information,False,,,[]
id.Daftar_kasus_keracunan_massal_makan_siang_gratis#e0362,2025-04-14,Kabupaten Batang,Jawa Tengah,1,0,no cause information,no cause information,False,,,[]
id.Daftar_kasus_keracunan_massal_makan_siang_gratis#e0363,2025-04-14,Kabupaten Batang,Jawa Tengah,0,0,no article read,no article read,False,,,[]
id.Daftar_kasus_keracunan_massal_makan_siang_gratis#e0221,2025-04-21,Kabupaten Cianjur,Jawa Barat,0,0,no article read,no article read,False,,,[]
id.Daftar_kasus_keracunan_massal_makan_siang_gratis#e0222,2025-04-21,Kabupaten Cianjur,Jawa Barat,0,0,no article read,no article read,False,,,[]
id.Daftar_kasus_keracunan_massal_makan_siang_gratis#e0673,2025-04-23,Kabupaten Lombok Tengah,Nusa Tenggara Barat,1,0,lab: contamination reported,lab: contamination reported,False,2025-05-09,16.0,"[""E. coli""]"
id.Daftar_kasus_keracunan_massal_makan_siang_gratis#e0806,2025-04-23,Kabupaten Bombaba,Sulawesi Tenggara,1,0,no cause information,no cause information,False,,,[]
id.Daftar_kasus_keracunan_massal_makan_siang_gratis#e0365,2025-04-24,Kabupaten Karanganyar,Jawa Tengah,1,0,no cause information,no cause information,False,,,[]
id.Daftar_kasus_keracunan_massal_makan_siang_gratis#e0236,2025-04-29,Kota Bandung,Jawa Barat,0,1,no article read,lab: contamination reported,True,2025-05-22,23.0,"[""Bacillus"", ""bacteria (unspecified)""]"
id.Daftar_kasus_keracunan_massal_makan_siang_gratis#e0237,2025-05-01,Kabupaten Tasikmalaya,Jawa Barat,0,1,no article read,no article read,False,,,[]
id.Daftar_kasus_keracunan_massal_makan_siang_gratis#e0048,2025-05-05,Kabupaten Penukal Abab Lematang Ilir,Sumatera Selatan,1,6,no cause information,awaiting lab / cause unknown,False,,,[]
id.Daftar_kasus_keracunan_massal_makan_siang_gratis#e0250,2025-05-07,Kota Bogor,Jawa Barat,0,0,no article read,no article read,False,,,[]
id.Daftar_kasus_keracunan_massal_makan_siang_gratis#e0251,2025-05-07,Kota Bogor,Jawa Barat,0,0,no article read,no article read,False,,,[]
id.Daftar_kasus_keracunan_massal_makan_siang_gratis#e0252,2025-05-07,Kota Bogor,Jawa Barat,0,0,no article read,no article read,False,,,[]
id.Daftar_kasus_keracunan_massal_makan_siang_gratis#e0253,2025-05-07,Kota Bogor,Jawa Barat,0,0,no article read,no article read,False,,,[]
id.Daftar_kasus_keracunan_massal_makan_siang_gratis#e0254,2025-05-07,Kota Bogor,Jawa Barat,0,0,no article read,no article read,False,,,[]
id.Daftar_kasus_keracunan_massal_makan_siang_gratis#e0255,2025-05-07,Kota Bogor,Jawa Barat,0,0,no article read,no article read,False,,,[]
id.Daftar_kasus_keracunan_massal_makan_siang_gratis#e0256,2025-05-07,Kota Bogor,Jawa Barat,0,0,no article read,no article read,False,,,[]
id.Daftar_kasus_keracunan_massal_makan_siang_gratis#e0257,2025-05-07,Kota Bogor,Jawa Barat,0,0,no article read,no article read,False,,,[]
id.Daftar_kasus_keracunan_massal_makan_siang_gratis#e0258,2025-05-07,Kota Bogor,Jawa Barat,0,0,no article read,no article read,False,,,[]
id.Daftar_kasus_keracunan_massal_makan_siang_gratis#e0477,2025-06-17,Kabupaten Kulon Progo,DI Yogyakarta,1,0,"samples taken, no result stated","samples taken, no result stated",False,,,[]
id.Daftar_kasus_keracunan_massal_makan_siang_gratis#e0116,2025-07-15,Kabupaten Lampung Utara,Lampung,0,0,no article read,no article read,False,,,[]
id.Daftar_kasus_keracunan_massal_makan_siang_gratis#e0707,2025-07-22,Kota Kupang,Nusa Tenggara Timur,1,0,no cause information,no cause information,False,,,[]
id.Daftar_kasus_keracunan_massal_makan_siang_gratis#e0816,2025-07-22,Kota Ternate,Maluku Utara,1,0,awaiting lab / cause unknown,awaiting lab / cause unknown,False,,,[]
id.Daftar_kasus_keracunan_massal_makan_siang_gratis#e0708,2025-07-23,Kota Kupang,Nusa Tenggara Timur,1,0,no cause information,no cause information,False,,,[]
id.Daftar_kasus_keracunan_massal_makan_siang_gratis#e0710,2025-07-23,Kabupaten Kupang,Nusa Tenggara Timur,1,0,no cause information,no cause information,False,,,[]
id.Daftar_kasus_keracunan_massal_makan_siang_gratis#e0713,2025-07-23,Kabupaten Sumba Barat Daya,Nusa Tenggara Timur,1,0,no cause information,no cause information,False,,,[]
id.Daftar_kasus_keracunan_massal_makan_siang_gratis#e0714,2025-07-23,Kabupaten Sumba Barat Daya,Nusa Tenggara Timur,1,0,no cause information,no cause information,False,,,[]
id.Daftar_kasus_keracunan_massal_makan_siang_gratis#e0715,2025-07-23,Kabupaten Sumba Barat Daya,Nusa Tenggara Timur,1,0,no cause information,no cause information,False,,,[]
id.Daftar_kasus_keracunan_massal_makan_siang_gratis#e0833,2025-07-30,Kabupaten Manokwari,Papua Barat,1,0,"samples taken, no result stated","samples taken, no result stated",False,,,[]
id.Daftar_kasus_keracunan_massal_makan_siang_gratis#e0263,2025-07-31,Kabupaten Kuningan,Jawa Barat,1,0,no cause information,no cause information,False,,,[]
id.Daftar_kasus_keracunan_massal_makan_siang_gratis#e0478,2025-07-31,Kabupaten Kulon Progo,DI Yogyakarta,1,2,"samples taken, no result stated",lab: contamination reported,True,2025-08-21,21.0,"[""bacteria (unspecified)""]"
id.Daftar_kasus_keracunan_massal_makan_siang_gratis#e0112,2025-08,Kabupaten Belitung Timur,Kepulauan Bangka Belitung,1,0,no cause information,no cause information,False,,,[]
id.Daftar_kasus_keracunan_massal_makan_siang_gratis#e0121,2025-08-06,Kabupaten Tanggamus,Lampung,1,0,awaiting lab / cause unknown,awaiting lab / cause unknown,False,,,[]
id.Daftar_kasus_keracunan_massal_makan_siang_gratis#e0268,2025-08-06,Kabupaten Sukabumi,Jawa Barat,1,0,awaiting lab / cause unknown,awaiting lab / cause unknown,False,,,[]
id.Daftar_kasus_keracunan_massal_makan_siang_gratis#e0375,2025-08-11,Kabupaten Sragen,Jawa Tengah,1,0,no cause information,no cause information,False,,,[]
id.Daftar_kasus_keracunan_massal_makan_siang_gratis#e0376,2025-08-11,Kabupaten Sragen,Jawa Tengah,1,0,no cause information,no cause information,False,,,[]
id.Daftar_kasus_keracunan_massal_makan_siang_gratis#e0377,2025-08-11,Kabupaten Sragen,Jawa Tengah,1,0,no cause information,no cause information,False,,,[]
id.Daftar_kasus_keracunan_massal_makan_siang_gratis#e0378,2025-08-11,Kabupaten Sragen,Jawa Tengah,1,0,no cause information,no cause information,False,,,[]
id.Daftar_kasus_keracunan_massal_makan_siang_gratis#e0379,2025-08-11,Kabupaten Sragen,Jawa Tengah,1,0,no cause information,no cause information,False,,,[]
id.Daftar_kasus_keracunan_massal_makan_siang_gratis#e0380,2025-08-11,Kabupaten Sragen,Jawa Tengah,1,0,no cause information,no cause information,False,,,[]
id.Daftar_kasus_keracunan_massal_makan_siang_gratis#e0381,2025-08-11,Kabupaten Sragen,Jawa Tengah,0,0,no article read,no article read,False,,,[]
id.Daftar_kasus_keracunan_massal_makan_siang_gratis#e0492,2025-08-13,Kabupaten Sleman,DI Yogyakarta,0,5,no article read,"samples taken, no result stated",False,,,[]
id.Daftar_kasus_keracunan_massal_makan_siang_gratis#e0285,2025-08-14,Kabupaten Karawang,Jawa Barat,1,0,no cause information,no cause information,False,,,[]
id.Daftar_kasus_keracunan_massal_makan_siang_gratis#e0683,2025-08-19,Kabupaten Lombok Timur,Nusa Tenggara Barat,1,0,no cause information,no cause information,False,,,[]
id.Daftar_kasus_keracunan_massal_makan_siang_gratis#e0223,2025-08-20,Kabupaten Cianjur,Jawa Barat,1,0,"samples taken, no result stated","samples taken, no result stated",False,,,[]
id.Daftar_kasus_keracunan_massal_makan_siang_gratis#e0288,2025-08-21,Kabupaten Bandung,Jawa Barat,1,0,no cause information,no cause information,False,,,[]
id.Daftar_kasus_keracunan_massal_makan_siang_gratis#e0072,2025-08-22,Kabupaten Indragiri Hilir,Riau,0,0,no article read,no article read,False,,,[]
id.Daftar_kasus_keracunan_massal_makan_siang_gratis#e0220,2025-08-22,Kabupaten Indramayu,Jawa Barat,1,0,no cause information,no cause information,False,,,[]
id.Daftar_kasus_keracunan_massal_makan_siang_gratis#e0272,2025-08-22,Kabupaten Sukabumi,Jawa Barat,1,0,awaiting lab / cause unknown,awaiting lab / cause unknown,False,,,[]
id.Daftar_kasus_keracunan_massal_makan_siang_gratis#e0123,2025-08-26,Kabupaten Lampung Timur,Lampung,1,1,awaiting lab / cause unknown,awaiting lab / cause unknown,False,,,[]
id.Daftar_kasus_keracunan_massal_makan_siang_gratis#e0496,2025-08-27,Kabupaten Sleman,DI Yogyakarta,1,2,no cause information,no cause information,False,,,[]
id.Daftar_kasus_keracunan_massal_makan_siang_gratis#e0766,2025-08-27,Kota Palu,Sulawesi Tengah,1,0,"samples taken, no result stated","samples taken, no result stated",False,,,[]
id.Daftar_kasus_keracunan_massal_makan_siang_gratis#e0767,2025-08-27,Kota Palu,Sulawesi Tengah,1,0,"samples taken, no result stated","samples taken, no result stated",False,,,[]
id.Daftar_kasus_keracunan_massal_makan_siang_gratis#e0077,2025-08-28,Kabupaten Kampar,Riau,1,0,no cause information,no cause information,False,,,[]
id.Daftar_kasus_keracunan_massal_makan_siang_gratis#e0090,2025-08-28,Kabupaten Lebong,Bengkulu,0,5,no article read,no cause information,False,,,[]
id.Daftar_kasus_keracunan_massal_makan_siang_gratis#e0118,2025-08-29,Kabupaten Lampung Utara,Lampung,1,0,no cause information,no cause information,False,,,[]
id.Daftar_kasus_keracunan_massal_makan_siang_gratis#e0133,2025-08-29,Kota Bandar Lampung,Lampung,1,0,no cause information,no cause information,False,,,[]
id.Daftar_kasus_keracunan_massal_makan_siang_gratis#e0202,2025-08-29,Kota Administrasi Jakarta Selatan,DKI Jakarta,1,1,no cause information,no cause information,False,,,[]
id.Daftar_kasus_keracunan_massal_makan_siang_gratis#e0193,2025-09,Kota Tangerang Selatan,Banten,0,0,no article read,no article read,False,,,[]
id.Daftar_kasus_keracunan_massal_makan_siang_gratis#e0062,2025-09-02,Kabupaten Ogan Komering Ilir,Sumatera Selatan,1,3,awaiting lab / cause unknown,lab: contamination reported,True,2025-09-17,15.0,"[""E. coli"", ""bacteria (unspecified)""]"
id.Daftar_kasus_keracunan_massal_makan_siang_gratis#e0192,2025-09-02,Kabupaten Serang,Banten,1,0,no cause information,no cause information,False,,,[]
id.Daftar_kasus_keracunan_massal_makan_siang_gratis#e0065,2025-09-03,Kabupaten Musi Banyuasin,Sumatera Selatan,1,0,awaiting lab / cause unknown,awaiting lab / cause unknown,False,,,[]
id.Daftar_kasus_keracunan_massal_makan_siang_gratis#e0224,2025-09-03,Kabupaten Cianjur,Jawa Barat,0,0,no article read,no article read,False,,,[]
id.Daftar_kasus_keracunan_massal_makan_siang_gratis#e0504,2025-09-03,Kabupaten Gunungkidul,DI Yogyakarta,1,0,no cause information,no cause information,False,,,[]
id.Daftar_kasus_keracunan_massal_makan_siang_gratis#e0688,2025-09-03,Kabupaten Lombok Barat,Nusa Tenggara Barat,1,0,"samples taken, no result stated","samples taken, no result stated",False,,,[]
id.Daftar_kasus_keracunan_massal_makan_siang_gratis#e0689,2025-09-03,Kabupaten Lombok Barat,Nusa Tenggara Barat,1,0,no cause information,no cause information,False,,,[]
id.Daftar_kasus_keracunan_massal_makan_siang_gratis#e0144,2025-09-04,Kota Metro,Lampung,1,0,no cause information,no cause information,False,,,[]
id.Daftar_kasus_keracunan_massal_makan_siang_gratis#e0542,2025-09-04,Kabupaten Situbondo,Jawa Timur,1,0,no cause information,no cause information,False,,,[]
id.Daftar_kasus_keracunan_massal_makan_siang_gratis#e0203,2025-09-08,Kota Administrasi Jakarta Utara,DKI Jakarta,1,0,no cause information,no cause information,False,,,[]
id.Daftar_kasus_keracunan_massal_makan_siang_gratis#e0204,2025-09-08,Kota Administrasi Jakarta Utara,DKI Jakarta,1,0,no cause information,no cause information,False,,,[]
id.Daftar_kasus_keracunan_massal_makan_siang_gratis#e0543,2025-09-09,Kabupaten Pamekasan,Jawa Timur,0,0,no article read,no article read,False,,,[]
id.Daftar_kasus_keracunan_massal_makan_siang_gratis#e0385,2025-09-10,Kabupaten Klaten,Jawa Tengah,0,0,no article read,no article read,False,,,[]
id.Daftar_kasus_keracunan_massal_makan_siang_gratis#e0225,2025-09-11,Kabupaten Cianjur,Jawa Barat,1,0,"samples taken, no result stated","samples taken, no result stated",False,,,[]
id.Daftar_kasus_keracunan_massal_makan_siang_gratis#e0273,2025-09-11,Kabupaten Sukabumi,Jawa Barat,1,0,"samples taken, no result stated","samples taken, no result stated",False,,,[]
id.Daftar_kasus_keracunan_massal_makan_siang_gratis#e0393,2025-09-11,Kabupaten Wonogiri,Jawa Tengah,0,0,no article read,no article read,False,,,[]
id.Daftar_kasus_keracunan_massal_makan_siang_gratis#e0807,2025-09-11,Kabupaten Buton,Sulawesi Tenggara,1,0,awaiting lab / cause unknown,awaiting lab / cause unknown,False,,,[]
id.Daftar_kasus_keracunan_massal_makan_siang_gratis#e0819,2025-09-11,Kabupaten Maluku Barat Daya,Maluku,1,0,no cause information,no cause information,False,,,[]
id.Daftar_kasus_keracunan_massal_makan_siang_gratis#e0394,2025-09-12,Kabupaten Wonogiri,Jawa Tengah,1,0,no cause information,no cause information,False,,,[]
id.Daftar_kasus_keracunan_massal_makan_siang_gratis#e0505,2025-09-15,Kabupaten Gunungkidul,DI Yogyakarta,1,0,"samples taken, no result stated","samples taken, no result stated",False,,,[]
id.Daftar_kasus_keracunan_massal_makan_siang_gratis#e0768,2025-09-16,Kota Palu,Sulawesi Tengah,0,0,no article read,no article read,False,,,[]
id.Daftar_kasus_keracunan_massal_makan_siang_gratis#e0769,2025-09-16,Kabupaten Parigi Moutong,Sulawesi Tengah,1,0,awaiting lab / cause unknown,awaiting lab / cause unknown,False,,,[]
id.Daftar_kasus_keracunan_massal_makan_siang_gratis#e0808,2025-09-16,Kota Baubau,Sulawesi Tenggara,1,0,"samples taken, no result stated","samples taken, no result stated",False,,,[]
id.Daftar_kasus_keracunan_massal_makan_siang_gratis#e0289,2025-09-17,Kabupaten Garut,Jawa Barat,1,8,awaiting lab / cause unknown,awaiting lab / cause unknown,False,,,[]
id.Daftar_kasus_keracunan_massal_makan_siang_gratis#e0545,2025-09-17,Kabupaten Pamekasan,Jawa Timur,1,0,no cause information,no cause information,False,,,[]
id.Daftar_kasus_keracunan_massal_makan_siang_gratis#e0549,2025-09-17,Kabupaten Lamongan,Jawa Timur,0,4,no article read,awaiting lab / cause unknown,False,,,[]
id.Daftar_kasus_keracunan_massal_makan_siang_gratis#e0691,2025-09-17,Kabupaten Sumbawa,Nusa Tenggara Barat,1,0,no cause information,no cause information,False,,,[]
id.Daftar_kasus_keracunan_massal_makan_siang_gratis#e0692,2025-09-17,Kabupaten Sumbawa,Nusa Tenggara Barat,1,0,no cause information,no cause information,False,,,[]
id.Daftar_kasus_keracunan_massal_makan_siang_gratis#e0693,2025-09-17,Kabupaten Sumbawa,Nusa Tenggara Barat,1,0,no cause information,no cause information,False,,,[]
id.Daftar_kasus_keracunan_massal_makan_siang_gratis#e0694,2025-09-17,Kabupaten Sumbawa,Nusa Tenggara Barat,1,0,no cause information,no cause information,False,,,[]
id.Daftar_kasus_keracunan_massal_makan_siang_gratis#e0771,2025-09-17,Kabupaten Banggai Kepulauan,Sulawesi Tengah,1,3,no cause information,awaiting lab / cause unknown,False,,,[]
id.Daftar_kasus_keracunan_massal_makan_siang_gratis#e0241,2025-09-18,Kabupaten Tasikmalaya,Jawa Barat,1,1,no cause information,no cause information,False,,,[]
id.Daftar_kasus_keracunan_massal_makan_siang_gratis#e0820,2025-09-18,Kota Tual,Maluku,0,0,no article read,no article read,False,,,[]
id.Daftar_kasus_keracunan_massal_makan_siang_gratis#e0821,2025-09-19,Kota Ambon,Maluku,0,0,no article read,no article read,False,,,[]
id.Daftar_kasus_keracunan_massal_makan_siang_gratis#e0175,2025-09-22,Kabupaten Bulungan,Kalimantan Utara,1,0,no cause information,no cause information,False,,,[]
id.Daftar_kasus_keracunan_massal_makan_siang_gratis#e0304,2025-09-22,Kabupaten Bandung Barat,Jawa Barat,1,42,no cause information,lab: contamination reported,True,2025-09-22,0.0,"[""Bacillus"", ""Salmonella"", ""bacteria (unspecified)"", ""nitrite/nitrate""]"
id.Daftar_kasus_keracunan_massal_makan_siang_gratis#e0401,2025-09-22,Kota Salatiga,Jawa Tengah,0,0,no article read,no article read,False,,,[]
id.Daftar_kasus_keracunan_massal_makan_siang_gratis#e0417,2025-09-22,Kabupaten Banyumas,Jawa Tengah,1,2,awaiting lab / cause unknown,awaiting lab / cause unknown,False,,,[]
id.Daftar_kasus_keracunan_massal_makan_siang_gratis#e0066,2025-09-23,Kabupaten Ogan Komering Ulu,Sumatera Selatan,1,1,no cause information,awaiting lab / cause unknown,False,,,[]
id.Daftar_kasus_keracunan_massal_makan_siang_gratis#e0152,2025-09-23,Kabupaten Ketapang,Kalimantan Barat,1,10,"samples taken, no result stated",awaiting lab / cause unknown,False,,,[]
id.Daftar_kasus_keracunan_massal_makan_siang_gratis#e0206,2025-09-23,Kota Administrasi Jakarta Utara,DKI Jakarta,1,1,"samples taken, no result stated","samples taken, no result stated",False,,,[]
id.Daftar_kasus_keracunan_massal_makan_siang_gratis#e0404,2025-09-23,Kabupaten Jepara,Jawa Tengah,1,0,awaiting lab / cause unknown,awaiting lab / cause unknown,False,,,[]
id.Daftar_kasus_keracunan_massal_makan_siang_gratis#e0274,2025-09-24,Kabupaten Sukabumi,Jawa Barat,1,1,"samples taken, no result stated","samples taken, no result stated",False,,,[]
id.Daftar_kasus_keracunan_massal_makan_siang_gratis#e0412,2025-09-24,Kabupaten Rembang,Jawa Tengah,1,4,no cause information,awaiting lab / cause unknown,False,,,[]
id.Daftar_kasus_keracunan_massal_makan_siang_gratis#e0550,2025-09-24,Kabupaten Bojonegoro,Jawa Timur,1,2,no cause information,no cause information,False,,,[]
id.Daftar_kasus_keracunan_massal_makan_siang_gratis#e0558,2025-09-24,Kabupaten Tuban,Jawa Timur,1,1,no cause information,no cause information,False,,,[]
id.Daftar_kasus_keracunan_massal_makan_siang_gratis#e0690,2025-09-24,Kabupaten Lombok Barat,Nusa Tenggara Barat,1,0,"samples taken, no result stated","samples taken, no result stated",False,,,[]
id.Daftar_kasus_keracunan_massal_makan_siang_gratis#e0709,2025-09-24,Kota Kupang,Nusa Tenggara Timur,1,0,no cause information,no cause information,False,,,[]
id.Daftar_kasus_keracunan_massal_makan_siang_gratis#e0755,2025-09-24,Kabupaten Mamuju,Sulawesi Barat,1,1,awaiting lab / cause unknown,awaiting lab / cause unknown,False,,,[]
id.Daftar_kasus_keracunan_massal_makan_siang_gratis#e0067,2025-09-25,Kota Palembang,Sumatera Selatan,1,4,awaiting lab / cause unknown,awaiting lab / cause unknown,False,,,[]
id.Daftar_kasus_keracunan_massal_makan_siang_gratis#e0083,2025-09-25,Kabupaten Karimun,Kepulauan Riau,1,2,awaiting lab / cause unknown,awaiting lab / cause unknown,False,,,[]
id.Daftar_kasus_keracunan_massal_makan_siang_gratis#e0156,2025-09-25,Kabupaten Sanggau,Kalimantan Barat,1,1,awaiting lab / cause unknown,awaiting lab / cause unknown,False,,,[]
id.Daftar_kasus_keracunan_massal_makan_siang_gratis#e0176,2025-09-25,Kota Balikpapan,Kalimantan Timur,1,0,awaiting lab / cause unknown,awaiting lab / cause unknown,False,,,[]
id.Daftar_kasus_keracunan_massal_makan_siang_gratis#e0207,2025-09-25,Kota Administrasi Jakarta Timur,DKI Jakarta,1,1,no cause information,no cause information,False,,,[]
id.Daftar_kasus_keracunan_massal_makan_siang_gratis#e0227,2025-09-25,Kabupaten Cianjur,Jawa Barat,1,1,no cause information,awaiting lab / cause unknown,False,,,[]
id.Daftar_kasus_keracunan_massal_makan_siang_gratis#e0331,2025-09-25,Kabupaten Subang,Jawa Barat,1,0,no cause information,no cause information,False,,,[]
id.Daftar_kasus_keracunan_massal_makan_siang_gratis#e0332,2025-09-25,Kabupaten Sumedang,Jawa Barat,1,2,awaiting lab / cause unknown,awaiting lab / cause unknown,False,,,[]
id.Daftar_kasus_keracunan_massal_makan_siang_gratis#e0425,2025-09-25,Kabupaten Kebumen,Jawa Tengah,1,1,"samples taken, no result stated","samples taken, no result stated",False,,,[]
id.Daftar_kasus_keracunan_massal_makan_siang_gratis#e0561,2025-09-25,Kota Batu,Jawa Timur,1,0,no cause information,no cause information,False,,,[]
id.Daftar_kasus_keracunan_massal_makan_siang_gratis#e0770,2025-09-25,Kabupaten Parigi Moutong,Sulawesi Tengah,1,0,"samples taken, no result stated","samples taken, no result stated",False,,,[]
id.Daftar_kasus_keracunan_massal_makan_siang_gratis#e0124,2025-09-26,Kabupaten Lampung Timur,Lampung,0,2,no article read,awaiting lab / cause unknown,False,,,[]
id.Daftar_kasus_keracunan_massal_makan_siang_gratis#e0335,2025-09-26,Kabupaten Bogor,Jawa Barat,1,0,awaiting lab / cause unknown,awaiting lab / cause unknown,False,,,[]
id.Daftar_kasus_keracunan_massal_makan_siang_gratis#e0563,2025-09-26,Kabupaten Jember,Jawa Timur,1,1,"samples taken, no result stated","samples taken, no result stated",False,,,[]
id.Daftar_kasus_keracunan_massal_makan_siang_gratis#e0810,2025-09-26,Kabupaten Konawe,Sulawesi Tenggara,1,0,"samples taken, no result stated","samples taken, no result stated",False,,,[]
id.Daftar_kasus_keracunan_massal_makan_siang_gratis#e0000,2025-09-29,Kabupaten Aceh Utara,Aceh,1,0,no cause information,no cause information,False,,,[]
id.Daftar_kasus_keracunan_massal_makan_siang_gratis#e0084,2025-09-29,Kota Batam,Kepulauan Riau,0,0,no article read,no article read,False,,,[]
id.Daftar_kasus_keracunan_massal_makan_siang_gratis#e0119,2025-09-29,Kabupaten Lampung Utara,Lampung,1,0,awaiting lab / cause unknown,awaiting lab / cause unknown,False,,,[]
id.Daftar_kasus_keracunan_massal_makan_siang_gratis#e0145,2025-09-29,Kabupaten Tulang Bawang Barat,Lampung,1,0,no cause information,no cause information,False,,,[]
id.Daftar_kasus_keracunan_massal_makan_siang_gratis#e0157,2025-09-29,Kabupaten Kayong Utara,Kalimantan Barat,1,0,"samples taken, no result stated","samples taken, no result stated",False,,,[]
id.Daftar_kasus_keracunan_massal_makan_siang_gratis#e0165,2025-09-29,Kota Palangka Raya,Kalimantan Tengah,1,0,no cause information,no cause information,False,,,[]
id.Daftar_kasus_keracunan_massal_makan_siang_gratis#e0343,2025-09-29,Kabupaten Ciamis,Jawa Barat,0,2,no article read,no cause information,False,,,[]
id.Daftar_kasus_keracunan_massal_makan_siang_gratis#e0420,2025-09-29,Kabupaten Banyumas,Jawa Tengah,1,0,awaiting lab / cause unknown,awaiting lab / cause unknown,False,,,[]
id.Daftar_kasus_keracunan_massal_makan_siang_gratis#e0171,2025-09-30,Kabupaten Nunukan,Kalimantan Utara,1,0,"samples taken, no result stated","samples taken, no result stated",False,,,[]
id.Daftar_kasus_keracunan_massal_makan_siang_gratis#e0208,2025-09-30,Kota Administrasi Jakarta Timur,DKI Jakarta,1,2,no cause information,"samples taken, no result stated",False,,,[]
id.Daftar_kasus_keracunan_massal_makan_siang_gratis#e0294,2025-09-30,Kabupaten Garut,Jawa Barat,1,1,no cause information,no cause information,False,,,[]
id.Daftar_kasus_keracunan_massal_makan_siang_gratis#e0395,2025-09-30,Kabupaten Wonogiri,Jawa Tengah,1,0,lab: contamination reported,lab: contamination reported,False,2025-10-08,8.0,"[""E. coli"", ""Salmonella"", ""bacteria (unspecified)""]"
id.Daftar_kasus_keracunan_massal_makan_siang_gratis#e0427,2025-09-30,Kabupaten Semarang,Jawa Tengah,1,5,awaiting lab / cause unknown,awaiting lab / cause unknown,False,,,[]
id.Daftar_kasus_keracunan_massal_makan_siang_gratis#e0428,2025-09-30,Kabupaten Temanggung,Jawa Tengah,1,0,awaiting lab / cause unknown,awaiting lab / cause unknown,False,,,[]
id.Daftar_kasus_keracunan_massal_makan_siang_gratis#e0030,2025-10-01,Kabupaten Agam,Sumatera Barat,1,12,awaiting lab / cause unknown,awaiting lab / cause unknown,False,,,[]
id.Daftar_kasus_keracunan_massal_makan_siang_gratis#e0336,2025-10-01,Kabupaten Bogor,Jawa Barat,1,0,awaiting lab / cause unknown,awaiting lab / cause unknown,False,,,[]
id.Daftar_kasus_keracunan_massal_makan_siang_gratis#e0345,2025-10-01,Kabupaten Pangandaran,Jawa Barat,1,1,awaiting lab / cause unknown,awaiting lab / cause unknown,False,,,[]
id.Daftar_kasus_keracunan_massal_makan_siang_gratis#e0346,2025-10-01,Kota Banjar,Jawa Barat,1,2,"samples taken, no result stated","samples taken, no result stated",False,,,[]
id.Daftar_kasus_keracunan_massal_makan_siang_gratis#e0551,2025-10-01,Kabupaten Bojonegoro,Jawa Timur,1,0,no cause information,no cause information,False,,,[]
id.Daftar_kasus_keracunan_massal_makan_siang_gratis#e0572,2025-10-01,Kabupaten Ngawi,Jawa Timur,0,0,no article read,no article read,False,,,[]
id.Daftar_kasus_keracunan_massal_makan_siang_gratis#e0573,2025-10-01,Kabupaten Ngawi,Jawa Timur,1,0,no cause information,no cause information,False,,,[]
id.Daftar_kasus_keracunan_massal_makan_siang_gratis#e0244,2025-10-02,Kabupaten Tasikmalaya,Jawa Barat,1,1,no cause information,no cause information,False,,,[]
id.Daftar_kasus_keracunan_massal_makan_siang_gratis#e0347,2025-10-02,Kota Bekasi,Jawa Barat,1,0,no cause information,no cause information,False,,,[]
id.Daftar_kasus_keracunan_massal_makan_siang_gratis#e0552,2025-10-02,Kabupaten Bojonegoro,Jawa Timur,1,0,"samples taken, no result stated","samples taken, no result stated",False,,,[]
id.Daftar_kasus_keracunan_massal_makan_siang_gratis#e0553,2025-10-02,Kabupaten Bojonegoro,Jawa Timur,1,0,awaiting lab / cause unknown,awaiting lab / cause unknown,False,,,[]
id.Daftar_kasus_keracunan_massal_makan_siang_gratis#e0264,2025-10-03,Kabupaten Kuningan,Jawa Barat,1,0,no cause information,no cause information,False,,,[]
id.Daftar_kasus_keracunan_massal_makan_siang_gratis#e0265,2025-10-03,Kabupaten Kuningan,Jawa Barat,1,2,no cause information,awaiting lab / cause unknown,False,,,[]
id.Daftar_kasus_keracunan_massal_makan_siang_gratis#e0344,2025-10-03,Kabupaten Ciamis,Jawa Barat,1,0,no cause information,no cause information,False,,,[]
id.Daftar_kasus_keracunan_massal_makan_siang_gratis#e0366,2025-10-03,Kabupaten Karanganyar,Jawa Tengah,1,0,awaiting lab / cause unknown,awaiting lab / cause unknown,False,,,[]
id.Daftar_kasus_keracunan_massal_makan_siang_gratis#e0402,2025-10-03,Kota Salatiga,Jawa Tengah,1,0,no cause information,no cause information,False,,,[]
id.Daftar_kasus_keracunan_massal_makan_siang_gratis#e0431,2025-10-03,Kabupaten Purworejo,Jawa Tengah,1,5,"samples taken, no result stated",awaiting lab / cause unknown,False,,,[]
id.Daftar_kasus_keracunan_massal_makan_siang_gratis#e0508,2025-10-03,Kabupaten Gunungkidul,DI Yogyakarta,1,0,"samples taken, no result stated","samples taken, no result stated",False,,,[]
id.Daftar_kasus_keracunan_massal_makan_siang_gratis#e0718,2025-10-03,Kabupaten Timor Tengah Selatan,Nusa Tenggara Timur,1,1,no cause information,awaiting lab / cause unknown,False,,,[]
id.Daftar_kasus_keracunan_massal_makan_siang_gratis#e0146,2025-10-06,Kabupaten Lampung Tengah,Lampung,1,0,no cause information,no cause information,False,,,[]
id.Daftar_kasus_keracunan_massal_makan_siang_gratis#e0403,2025-10-06,Kota Salatiga,Jawa Tengah,1,0,awaiting lab / cause unknown,awaiting lab / cause unknown,False,,,[]
id.Daftar_kasus_keracunan_massal_makan_siang_gratis#e0037,2025-10-07,Kota Padang Panjang,Sumatera Barat,1,0,no cause information,no cause information,False,,,[]
id.Daftar_kasus_keracunan_massal_makan_siang_gratis#e0749,2025-10-07,Kota Gorontalo,Gorontalo,1,0,awaiting lab / cause unknown,awaiting lab / cause unknown,False,,,[]
id.Daftar_kasus_keracunan_massal_makan_siang_gratis#e0386,2025-10-08,Kabupaten Klaten,Jawa Tengah,1,2,awaiting lab / cause unknown,awaiting lab / cause unknown,False,,,[]
id.Daftar_kasus_keracunan_massal_makan_siang_gratis#e0184,2025-10-09,Kabupaten Banjar,Kalimantan Selatan,0,0,no article read,no article read,False,,,[]
id.Daftar_kasus_keracunan_massal_makan_siang_gratis#e0228,2025-10-09,Kabupaten Cianjur,Jawa Barat,1,0,awaiting lab / cause unknown,awaiting lab / cause unknown,False,,,[]
id.Daftar_kasus_keracunan_massal_makan_siang_gratis#e0367,2025-10-09,Kabupaten Karanganyar,Jawa Tengah,1,3,"samples taken, no result stated",awaiting lab / cause unknown,False,,,[]
id.Daftar_kasus_keracunan_massal_makan_siang_gratis#e0783,2025-10-11,Kabupaten Banggai,Sulawesi Tengah,1,0,"samples taken, no result stated","samples taken, no result stated",False,,,[]
id.Daftar_kasus_keracunan_massal_makan_siang_gratis#e0695,2025-10-12,Kota Bima,Nusa Tenggara Barat,1,2,no cause information,no cause information,False,,,[]
id.Daftar_kasus_keracunan_massal_makan_siang_gratis#e0247,2025-10-13,Kabupaten Tasikmalaya,Jawa Barat,1,0,no cause information,no cause information,False,,,[]
id.Daftar_kasus_keracunan_massal_makan_siang_gratis#e0372,2025-10-13,Kabupaten Karanganyar,Jawa Tengah,1,1,no cause information,no cause information,False,,,[]
id.Daftar_kasus_keracunan_massal_makan_siang_gratis#e0586,2025-10-13,Kabupaten Tulungagung,Jawa Timur,1,6,no cause information,awaiting lab / cause unknown,False,,,[]
id.Daftar_kasus_keracunan_massal_makan_siang_gratis#e0684,2025-10-13,Kabupaten Lombok Timur,Nusa Tenggara Barat,1,0,no cause information,no cause information,False,,,[]
id.Daftar_kasus_keracunan_massal_makan_siang_gratis#e0315,2025-10-14,Kabupaten Bandung Barat,Jawa Barat,1,5,"samples taken, no result stated",awaiting lab / cause unknown,False,,,[]
id.Daftar_kasus_keracunan_massal_makan_siang_gratis#e0559,2025-10-14,Kabupaten Tuban,Jawa Timur,1,0,no cause information,no cause information,False,,,[]
id.Daftar_kasus_keracunan_massal_makan_siang_gratis#e0009,2025-10-15,Kabupaten Toba,Sumatera Utara,0,2,no article read,awaiting lab / cause unknown,False,,,[]
id.Daftar_kasus_keracunan_massal_makan_siang_gratis#e0373,2025-10-15,Kabupaten Karanganyar,Jawa Tengah,1,0,awaiting lab / cause unknown,awaiting lab / cause unknown,False,,,[]
id.Daftar_kasus_keracunan_massal_makan_siang_gratis#e0519,2025-10-15,Kota Yogyakarta,DI Yogyakarta,1,0,no cause information,no cause information,False,,,[]
id.Daftar_kasus_keracunan_massal_makan_siang_gratis#e0520,2025-10-15,Kota Yogyakarta,DI Yogyakarta,1,0,no cause information,no cause information,False,,,[]
id.Daftar_kasus_keracunan_massal_makan_siang_gratis#e0546,2025-10-15,Kabupaten Pamekasan,Jawa Timur,1,0,awaiting lab / cause unknown,awaiting lab / cause unknown,False,,,[]
id.Daftar_kasus_keracunan_massal_makan_siang_gratis#e0337,2025-10-16,Kabupaten Bogor,Jawa Barat,1,0,"samples taken, no result stated","samples taken, no result stated",False,,,[]
id.Daftar_kasus_keracunan_massal_makan_siang_gratis#e0248,2025-10-17,Kabupaten Tasikmalaya,Jawa Barat,1,0,no cause information,no cause information,False,,,[]
id.Daftar_kasus_keracunan_massal_makan_siang_gratis#e0593,2025-10-17,Kabupaten Magetan,Jawa Timur,0,0,no article read,no article read,False,,,[]
id.Daftar_kasus_keracunan_massal_makan_siang_gratis#e0685,2025-10-17,Kabupaten Lombok Timur,Nusa Tenggara Barat,0,1,no article read,"samples taken, no result stated",False,,,[]
id.Daftar_kasus_keracunan_massal_makan_siang_gratis#e0822,2025-10-20,Kabupaten Seram Bagian Barat,Maluku,0,3,no article read,awaiting lab / cause unknown,False,,,[]
id.Daftar_kasus_keracunan_massal_makan_siang_gratis#e0189,2025-10-21,Kota Banjarmasin,Kalimantan Selatan,1,1,no cause information,no cause information,False,,,[]
id.Daftar_kasus_keracunan_massal_makan_siang_gratis#e0757,2025-10-21,Kabupaten Mamuju,Sulawesi Barat,1,0,"samples taken, no result stated","samples taken, no result stated",False,,,[]
id.Daftar_kasus_keracunan_massal_makan_siang_gratis#e0348,2025-10-22,Kota Cirebon,Jawa Barat,1,0,awaiting lab / cause unknown,awaiting lab / cause unknown,False,,,[]
id.Daftar_kasus_keracunan_massal_makan_siang_gratis#e0322,2025-10-23,Kabupaten Bandung Barat,Jawa Barat,1,2,no cause information,no cause information,False,,,[]
id.Daftar_kasus_keracunan_massal_makan_siang_gratis#e0595,2025-10-23,Kabupaten Banyuwangi,Jawa Timur,1,2,"samples taken, no result stated",lab: contamination reported,True,2025-10-23,0.0,[]
id.Daftar_kasus_keracunan_massal_makan_siang_gratis#e0599,2025-10-23,Kabupaten Malang,Jawa Timur,0,5,no article read,awaiting lab / cause unknown,False,,,[]
id.Daftar_kasus_keracunan_massal_makan_siang_gratis#e0497,2025-10-24,Kabupaten Sleman,DI Yogyakarta,1,3,awaiting lab / cause unknown,awaiting lab / cause unknown,False,,,[]
id.Daftar_kasus_keracunan_massal_makan_siang_gratis#e0596,2025-10-24,Kabupaten Banyuwangi,Jawa Timur,1,0,lab: contamination reported,lab: contamination reported,False,2025-10-29,5.0,"[""E. coli""]"
id.Daftar_kasus_keracunan_massal_makan_siang_gratis#e0323,2025-10-28,Kabupaten Bandung Barat,Jawa Barat,1,0,awaiting lab / cause unknown,awaiting lab / cause unknown,False,,,[]
id.Daftar_kasus_keracunan_massal_makan_siang_gratis#e0509,2025-10-28,Kabupaten Gunungkidul,DI Yogyakarta,1,1,no cause information,no cause information,False,,,[]
id.Daftar_kasus_keracunan_massal_makan_siang_gratis#e0216,2025-10-29,Kota Administrasi Jakarta Barat,DKI Jakarta,1,1,awaiting lab / cause unknown,awaiting lab / cause unknown,False,,,[]
id.Daftar_kasus_keracunan_massal_makan_siang_gratis#e0511,2025-10-29,Kabupaten Gunungkidul,DI Yogyakarta,0,0,no article read,no article read,False,,,[]
id.Daftar_kasus_keracunan_massal_makan_siang_gratis#e0011,2025-10-31,Kabupaten Nias Utara,Sumatera Utara,0,0,no article read,no article read,False,,,[]
id.Daftar_kasus_keracunan_massal_makan_siang_gratis#e0364,2025-10-31,Kabupaten Batang,Jawa Tengah,0,0,no article read,no article read,False,,,[]
id.Daftar_kasus_keracunan_massal_makan_siang_gratis#e0522,2025-10-31,Kabupaten Bantul,DI Yogyakarta,0,0,no article read,no article read,False,,,[]
id.Daftar_kasus_keracunan_massal_makan_siang_gratis#e0697,2025-10-31,Kabupaten Sumbawa Barat,Nusa Tenggara Barat,1,0,"samples taken, no result stated","samples taken, no result stated",False,,,[]
id.Daftar_kasus_keracunan_massal_makan_siang_gratis#e0517,2025-11-03,Kabupaten Gunungkidul,DI Yogyakarta,1,0,"samples taken, no result stated","samples taken, no result stated",False,,,[]
id.Daftar_kasus_keracunan_massal_makan_siang_gratis#e0158,2025-11-04,Kabupaten Kapuas Hulu,Kalimantan Barat,0,0,no article read,no article read,False,,,[]
id.Daftar_kasus_keracunan_massal_makan_siang_gratis#e0349,2025-11-04,Kabupaten Cirebon,Jawa Barat,1,1,awaiting lab / cause unknown,awaiting lab / cause unknown,False,,,[]
id.Daftar_kasus_keracunan_massal_makan_siang_gratis#e0068,2025-11-05,Kota Palembang,Sumatera Selatan,1,0,awaiting lab / cause unknown,awaiting lab / cause unknown,False,,,[]
id.Daftar_kasus_keracunan_massal_makan_siang_gratis#e0547,2025-11-06,Kabupaten Pamekasan,Jawa Timur,0,0,no article read,no article read,False,,,[]
id.Daftar_kasus_keracunan_massal_makan_siang_gratis#e0548,2025-11-06,Kabupaten Pamekasan,Jawa Timur,0,0,no article read,no article read,False,,,[]
id.Daftar_kasus_keracunan_massal_makan_siang_gratis#e0817,2025-11-06,Kota Ternate,Maluku Utara,1,0,no cause information,no cause information,False,,,[]
id.Daftar_kasus_keracunan_massal_makan_siang_gratis#e0818,2025-11-06,Kota Ternate,Maluku Utara,0,0,no article read,no article read,False,,,[]
id.Daftar_kasus_keracunan_massal_makan_siang_gratis#e0716,2025-11-10,Kabupaten Sumba Barat Daya,Nusa Tenggara Timur,1,2,no cause information,no cause information,False,,,[]
id.Daftar_kasus_keracunan_massal_makan_siang_gratis#e0085,2025-11-11,Kota Batam,Kepulauan Riau,0,0,no article read,no article read,False,,,[]
id.Daftar_kasus_keracunan_massal_makan_siang_gratis#e0329,2025-11-11,Kabupaten Bandung Barat,Jawa Barat,1,3,"samples taken, no result stated","samples taken, no result stated",False,,,[]
id.Daftar_kasus_keracunan_massal_makan_siang_gratis#e0259,2025-11-14,Kota Bogor,Jawa Barat,1,0,lab: contamination reported,lab: contamination reported,False,2025-11-15,1.0,"[""E. coli"", ""Salmonella"", ""bacteria (unspecified)""]"
id.Daftar_kasus_keracunan_massal_makan_siang_gratis#e0351,2025-11-17,Kota Sukabumi,Jawa Barat,0,0,no article read,no article read,False,,,[]
id.Daftar_kasus_keracunan_massal_makan_siang_gratis#e0433,2025-11-18,Kabupaten Magelang,Jawa Tengah,1,0,awaiting lab / cause unknown,awaiting lab / cause unknown,False,,,[]
id.Daftar_kasus_keracunan_massal_makan_siang_gratis#e0160,2025-11-19,Kabupaten Landak,Kalimantan Barat,0,0,no article read,no article read,False,,,[]
id.Daftar_kasus_keracunan_massal_makan_siang_gratis#e0835,2025-11-24,Kabupaten Manokwari,Papua Barat,0,0,no article read,no article read,False,,,[]
id.Daftar_kasus_keracunan_massal_makan_siang_gratis#e0069,2025-11-26,Kota Palembang,Sumatera Selatan,1,0,no cause information,no cause information,False,,,[]
id.Daftar_kasus_keracunan_massal_makan_siang_gratis#e0435,2025-11-26,Kabupaten Blora,Jawa Tengah,0,3,no article read,no cause information,False,,,[]
id.Daftar_kasus_keracunan_massal_makan_siang_gratis#e0440,2025-11-26,Kabupaten Kendal,Jawa Tengah,1,3,"samples taken, no result stated",awaiting lab / cause unknown,False,,,[]
id.Daftar_kasus_keracunan_massal_makan_siang_gratis#e0574,2025-11-26,Kabupaten Ngawi,Jawa Timur,1,1,"samples taken, no result stated",awaiting lab / cause unknown,False,,,[]
id.Daftar_kasus_keracunan_massal_makan_siang_gratis#e0733,2025-11-26,Kabupaten Ngada,Nusa Tenggara Timur,0,0,no article read,no article read,False,,,[]
id.Daftar_kasus_keracunan_massal_makan_siang_gratis#e0601,2025-11-27,Kabupaten Madiun,Jawa Timur,1,0,awaiting lab / cause unknown,awaiting lab / cause unknown,False,,,[]
id.Daftar_kasus_keracunan_massal_makan_siang_gratis#e0737,2025-11-27,Kabupaten Timor Tengah Utara,Nusa Tenggara Timur,1,0,awaiting lab / cause unknown,awaiting lab / cause unknown,False,,,[]
id.Daftar_kasus_keracunan_massal_makan_siang_gratis#e0750,2025-11-27,Kabupaten Minahasa Utara,Sulawesi Utara,0,0,no article read,no article read,False,,,[]
id.Daftar_kasus_keracunan_massal_makan_siang_gratis#e0266,2025-11-28,Kabupaten Kuningan,Jawa Barat,1,0,awaiting lab / cause unknown,awaiting lab / cause unknown,False,,,[]
id.Daftar_kasus_keracunan_massal_makan_siang_gratis#e0554,2025-11-28,Kabupaten Bojonegoro,Jawa Timur,1,0,awaiting lab / cause unknown,awaiting lab / cause unknown,False,,,[]
id.Daftar_kasus_keracunan_massal_makan_siang_gratis#e0826,2025-12-01,Kabupaten Raja Ampat,Papua Barat Daya,1,1,no cause information,awaiting lab / cause unknown,False,,,[]
id.Daftar_kasus_keracunan_massal_makan_siang_gratis#e0142,2025-12-03,Kabupaten Lampung Selatan,Lampung,1,0,awaiting lab / cause unknown,awaiting lab / cause unknown,False,,,[]
id.Daftar_kasus_keracunan_massal_makan_siang_gratis#e0147,2025-12-03,Kabupaten Way Kanan,Lampung,1,0,awaiting lab / cause unknown,awaiting lab / cause unknown,False,,,[]
id.Daftar_kasus_keracunan_massal_makan_siang_gratis#e0604,2025-12-03,Kabupaten Bondowoso,Jawa Timur,1,0,awaiting lab / cause unknown,awaiting lab / cause unknown,False,,,[]
id.Daftar_kasus_keracunan_massal_makan_siang_gratis#e0353,2025-12-04,Kabupaten Majalengka,Jawa Barat,0,0,no article read,no article read,False,,,[]
id.Daftar_kasus_keracunan_massal_makan_siang_gratis#e0579,2025-12-04,Kabupaten Ngawi,Jawa Timur,1,0,no cause information,no cause information,False,,,[]
id.Daftar_kasus_keracunan_massal_makan_siang_gratis#e0795,2025-12-08,Kabupaten Pangkajene dan Kepulauan,Sulawesi Selatan,1,0,"samples taken, no result stated","samples taken, no result stated",False,,,[]
id.Daftar_kasus_keracunan_massal_makan_siang_gratis#e0441,2025-12-11,Kabupaten Grobogan,Jawa Tengah,1,0,no cause information,no cause information,False,,,[]
id.Daftar_kasus_keracunan_massal_makan_siang_gratis#e0784,2025-12-11,Kabupaten Tojo Una-Una,Sulawesi Tengah,1,0,no cause information,no cause information,False,,,[]
id.Daftar_kasus_keracunan_massal_makan_siang_gratis#e0812,2025-12-16,Kabupaten Buton Tengah,Sulawesi Tenggara,0,2,no article read,"samples taken, no result stated",False,,,[]
id.Daftar_kasus_keracunan_massal_makan_siang_gratis#e0813,2026-01,Kota Kendari,Sulawesi Tenggara,1,0,no cause information,no cause information,False,,,[]
id.Daftar_kasus_keracunan_massal_makan_siang_gratis#e0450,2026-01-08,Kota Semarang,Jawa Tengah,0,3,no article read,"samples taken, no result stated",False,,,[]
id.Daftar_kasus_keracunan_massal_makan_siang_gratis#e0442,2026-01-10,Kabupaten Grobogan,Jawa Tengah,1,4,no cause information,awaiting lab / cause unknown,False,,,[]
id.Daftar_kasus_keracunan_massal_makan_siang_gratis#e0608,2026-01-10,Kabupaten Mojokerto,Jawa Timur,1,13,no cause information,awaiting lab / cause unknown,False,,,[]
id.Daftar_kasus_keracunan_massal_makan_siang_gratis#e0120,2026-01-12,Kabupaten Lampung Utara,Lampung,1,1,no cause information,no cause information,False,,,[]
id.Daftar_kasus_keracunan_massal_makan_siang_gratis#e0397,2026-01-12,Kabupaten Wonogiri,Jawa Tengah,1,0,no cause information,no cause information,False,,,[]
id.Daftar_kasus_keracunan_massal_makan_siang_gratis#e0758,2026-01-12,Kabupaten Majene,Sulawesi Barat,0,4,no article read,awaiting lab / cause unknown,False,,,[]
id.Daftar_kasus_keracunan_massal_makan_siang_gratis#e0452,2026-01-13,Kabupaten Pekalongan,Jawa Tengah,1,1,no cause information,awaiting lab / cause unknown,False,,,[]
id.Daftar_kasus_keracunan_massal_makan_siang_gratis#e0616,2026-01-15,Kota Mojokerto,Jawa Timur,0,0,no article read,no article read,False,,,[]
id.Daftar_kasus_keracunan_massal_makan_siang_gratis#e0674,2026-01-17,Kabupaten Lombok Tengah,Nusa Tenggara Barat,1,3,"samples taken, no result stated",lab: result reported clean,True,2026-02-03,17.0,[]
id.Daftar_kasus_keracunan_massal_makan_siang_gratis#e0588,2026-01-20,Kabupaten Tulungagung,Jawa Timur,1,1,no cause information,no cause information,False,,,[]
id.Daftar_kasus_keracunan_massal_makan_siang_gratis#e0453,2026-01-22,Kota Magelang,Jawa Tengah,1,0,awaiting lab / cause unknown,awaiting lab / cause unknown,False,,,[]
id.Daftar_kasus_keracunan_massal_makan_siang_gratis#e0589,2026-01-22,Kabupaten Tulungagung,Jawa Timur,0,4,no article read,awaiting lab / cause unknown,False,,,[]
id.Daftar_kasus_keracunan_massal_makan_siang_gratis#e0080,2026-01-23,Kabupaten Siak,Riau,1,0,no cause information,no cause information,False,,,[]
id.Daftar_kasus_keracunan_massal_makan_siang_gratis#e0518,2026-01-23,Kabupaten Gunungkidul,DI Yogyakarta,1,0,no cause information,no cause information,False,,,[]
id.Daftar_kasus_keracunan_massal_makan_siang_gratis#e0001,2026-01-24,Kabupaten Aceh Timur,Aceh,1,0,awaiting lab / cause unknown,awaiting lab / cause unknown,False,,,[]
id.Daftar_kasus_keracunan_massal_makan_siang_gratis#e0686,2026-01-26,Kabupaten Lombok Timur,Nusa Tenggara Barat,1,0,no cause information,no cause information,False,,,[]
id.Daftar_kasus_keracunan_massal_makan_siang_gratis#e0751,2026-01-26,Kota Tomohon,Sulawesi Utara,1,1,no cause information,"samples taken, no result stated",False,,,[]
id.Daftar_kasus_keracunan_massal_makan_siang_gratis#e0229,2026-01-27,Kabupaten Cianjur,Jawa Barat,1,0,no cause information,no cause information,False,,,[]
id.Daftar_kasus_keracunan_massal_makan_siang_gratis#e0560,2026-01-27,Kabupaten Tuban,Jawa Timur,0,0,no article read,no article read,False,,,[]
id.Daftar_kasus_keracunan_massal_makan_siang_gratis#e0129,2026-01-28,Kabupaten Lampung Timur,Lampung,1,0,no cause information,no cause information,False,,,[]
id.Daftar_kasus_keracunan_massal_makan_siang_gratis#e0275,2026-01-28,Kabupaten Sukabumi,Jawa Barat,0,1,no article read,awaiting lab / cause unknown,False,,,[]
id.Daftar_kasus_keracunan_massal_makan_siang_gratis#e0785,2026-01-28,Kabupaten Buol,Sulawesi Tengah,1,0,no cause information,no cause information,False,,,[]
id.Daftar_kasus_keracunan_massal_makan_siang_gratis#e0454,2026-01-29,Kabupaten Kudus,Jawa Tengah,1,4,no cause information,no cause information,False,,,[]
id.Daftar_kasus_keracunan_massal_makan_siang_gratis#e0742,2026-01-29,Kabupaten Manggarai Barat,Nusa Tenggara Timur,1,5,"samples taken, no result stated",lab: result reported clean,True,2026-01-30,1.0,[]
id.Daftar_kasus_keracunan_massal_makan_siang_gratis#e0798,2026-01-29,Kabupaten Pinrang,Sulawesi Selatan,1,0,no cause information,no cause information,False,,,[]
id.Daftar_kasus_keracunan_massal_makan_siang_gratis#e0070,2026-01-30,Kota Palembang,Sumatera Selatan,1,1,no cause information,no cause information,False,,,[]
id.Daftar_kasus_keracunan_massal_makan_siang_gratis#e0106,2026-01-30,Kabupaten Muaro Jambi,Jambi,1,0,awaiting lab / cause unknown,awaiting lab / cause unknown,False,,,[]
id.Daftar_kasus_keracunan_massal_makan_siang_gratis#e0448,2026-01-30,Kabupaten Grobogan,Jawa Tengah,1,0,"samples taken, no result stated","samples taken, no result stated",False,,,[]
id.Daftar_kasus_keracunan_massal_makan_siang_gratis#e0633,2026-02,Kabupaten Trenggalek,Jawa Timur,1,0,"samples taken, no result stated","samples taken, no result stated",False,,,[]
id.Daftar_kasus_keracunan_massal_makan_siang_gratis#e0619,2026-02-02,Kota Surabaya,Jawa Timur,0,0,no article read,no article read,False,,,[]
id.Daftar_kasus_keracunan_massal_makan_siang_gratis#e0043,2026-02-04,Kabupaten Dharmasraya,Sumatera Barat,0,0,no article read,no article read,False,,,[]
id.Daftar_kasus_keracunan_massal_makan_siang_gratis#e0153,2026-02-05,Kabupaten Ketapang,Kalimantan Barat,0,13,no article read,awaiting lab / cause unknown,False,,,[]
id.Daftar_kasus_keracunan_massal_makan_siang_gratis#e0163,2026-02-05,Kota Singkawang,Kalimantan Barat,1,0,no cause information,no cause information,False,,,[]
id.Daftar_kasus_keracunan_massal_makan_siang_gratis#e0166,2026-02-05,Kota Palangka Raya,Kalimantan Tengah,1,0,awaiting lab / cause unknown,awaiting lab / cause unknown,False,,,[]
id.Daftar_kasus_keracunan_massal_makan_siang_gratis#e0564,2026-02-05,Kabupaten Jember,Jawa Timur,0,0,no article read,no article read,False,,,[]
id.Daftar_kasus_keracunan_massal_makan_siang_gratis#e0455,2026-02-06,Kabupaten Wonosobo,Jawa Tengah,1,0,no cause information,no cause information,False,,,[]
id.Daftar_kasus_keracunan_massal_makan_siang_gratis#e0012,2026-02-09,Kabupaten Dairi,Sumatera Utara,1,2,awaiting lab / cause unknown,awaiting lab / cause unknown,False,,,[]
id.Daftar_kasus_keracunan_massal_makan_siang_gratis#e0071,2026-02-09,Kabupaten Ogan Ilir,Sumatera Selatan,1,0,no cause information,no cause information,False,,,[]
id.Daftar_kasus_keracunan_massal_makan_siang_gratis#e0456,2026-02-09,Kabupaten Pati,Jawa Tengah,1,4,awaiting lab / cause unknown,awaiting lab / cause unknown,False,,,[]
id.Daftar_kasus_keracunan_massal_makan_siang_gratis#e0590,2026-02-10,Kabupaten Tulungagung,Jawa Timur,1,1,no cause information,"samples taken, no result stated",False,,,[]
id.Daftar_kasus_keracunan_massal_makan_siang_gratis#e0002,2026-02-11,Kabupaten Aceh Singkil,Aceh,0,0,no article read,no article read,False,,,[]
id.Daftar_kasus_keracunan_massal_makan_siang_gratis#e0137,2026-02-11,Kota Bandar Lampung,Lampung,1,0,no cause information,no cause information,False,,,[]
id.Daftar_kasus_keracunan_massal_makan_siang_gratis#e0138,2026-02-11,Kota Bandar Lampung,Lampung,1,0,no cause information,no cause information,False,,,[]
id.Daftar_kasus_keracunan_massal_makan_siang_gratis#e0139,2026-02-11,Kota Bandar Lampung,Lampung,1,0,no cause information,no cause information,False,,,[]
id.Daftar_kasus_keracunan_massal_makan_siang_gratis#e0600,2026-02-11,Kabupaten Malang,Jawa Timur,0,0,no article read,no article read,False,,,[]
id.Daftar_kasus_keracunan_massal_makan_siang_gratis#e0699,2026-02-11,Kabupaten Lombok Utara,Nusa Tenggara Barat,0,1,no article read,awaiting lab / cause unknown,False,,,[]
id.Daftar_kasus_keracunan_massal_makan_siang_gratis#e0747,2026-02-11,Kabupaten Manggarai,Nusa Tenggara Timur,0,0,no article read,no article read,False,,,[]
id.Daftar_kasus_keracunan_massal_makan_siang_gratis#e0177,2026-02-12,Kabupaten Penajam Paser Utara,Kalimantan Timur,0,1,no article read,no cause information,False,,,[]
id.Daftar_kasus_keracunan_massal_makan_siang_gratis#e0585,2026-02-13,Kabupaten Ngawi,Jawa Timur,1,0,no cause information,no cause information,False,,,[]
id.Daftar_kasus_keracunan_massal_makan_siang_gratis#e0765,2026-02-14,Kabupaten Polewali Manda,Sulawesi Barat,0,0,no article read,no article read,False,,,[]
id.Daftar_kasus_keracunan_massal_makan_siang_gratis#e0464,2026-02-23,Kota Tegal,Jawa Tengah,1,0,no cause information,no cause information,False,,,[]
id.Daftar_kasus_keracunan_massal_makan_siang_gratis#e0014,2026-02-24,Kabupaten Nias Selatan,Sumatera Utara,0,1,no article read,no cause information,False,,,[]
id.Daftar_kasus_keracunan_massal_makan_siang_gratis#e0148,2026-02-24,Kabupaten Tulang Bawang,Lampung,1,0,no cause information,no cause information,False,,,[]
id.Daftar_kasus_keracunan_massal_makan_siang_gratis#e0356,2026-02-25,Kota Cimahi,Jawa Barat,1,3,"samples taken, no result stated","samples taken, no result stated",False,,,[]
id.Daftar_kasus_keracunan_massal_makan_siang_gratis#e0004,2026-02-26,Kabupaten Bireuen,Aceh,0,0,no article read,no article read,False,,,[]
id.Daftar_kasus_keracunan_massal_makan_siang_gratis#e0006,2026-02-26,Kabupaten Aceh Selatan,Aceh,1,0,awaiting lab / cause unknown,awaiting lab / cause unknown,False,,,[]
id.Daftar_kasus_keracunan_massal_makan_siang_gratis#e0102,2026-02-26,Kabupaten Bengkulu Utara,Bengkulu,1,0,no cause information,no cause information,False,,,[]
id.Daftar_kasus_keracunan_massal_makan_siang_gratis#e0132,2026-02-27,Kabupaten Lampung Timur,Lampung,1,0,no cause information,no cause information,False,,,[]
id.Daftar_kasus_keracunan_massal_makan_siang_gratis#e0778,2026-03-02,Kabupaten Banggai Kepulauan,Sulawesi Tengah,0,0,no article read,no article read,False,,,[]
id.Daftar_kasus_keracunan_massal_makan_siang_gratis#e0736,2026-03-03,Kabupaten Ngada,Nusa Tenggara Timur,0,0,no article read,no article read,False,,,[]
id.Daftar_kasus_keracunan_massal_makan_siang_gratis#e0741,2026-03-04,Kabupaten Timor Tengah Utara,Nusa Tenggara Timur,1,0,no cause information,no cause information,False,,,[]
id.Daftar_kasus_keracunan_massal_makan_siang_gratis#e0639,2026-03-05,Kabupaten Jombang,Jawa Timur,1,4,awaiting lab / cause unknown,lab: contamination reported,True,2026-03-17,12.0,"[""nitrite/nitrate""]"
id.Daftar_kasus_keracunan_massal_makan_siang_gratis#e0282,2026-03-06,Kabupaten Sukabumi,Jawa Barat,1,0,awaiting lab / cause unknown,awaiting lab / cause unknown,False,,,[]
id.Daftar_kasus_keracunan_massal_makan_siang_gratis#e0350,2026-03-10,Kabupaten Cirebon,Jawa Barat,1,0,no cause information,no cause information,False,,,[]
id.Daftar_kasus_keracunan_massal_makan_siang_gratis#e0465,2026-03-12,Kabupaten Pemalang,Jawa Tengah,0,0,no article read,no article read,False,,,[]
id.Daftar_kasus_keracunan_massal_makan_siang_gratis#e0839,2026-03-13,Kabupaten Nabire,Papua Tengah,0,0,no article read,no article read,False,,,[]
id.Daftar_kasus_keracunan_massal_makan_siang_gratis#e0799,2026-03-31,Kabupaten Enrekang,Sulawesi Selatan,1,1,no cause information,awaiting lab / cause unknown,False,,,[]
id.Daftar_kasus_keracunan_massal_makan_siang_gratis#e0015,2026-04-01,Kabupaten Humbang Hasundutan,Sumatera Utara,0,0,no article read,no article read,False,,,[]
id.Daftar_kasus_keracunan_massal_makan_siang_gratis#e0218,2026-04-01,Kota Administrasi Jakarta Pusat,DKI Jakarta,0,0,no article read,no article read,False,,,[]
id.Daftar_kasus_keracunan_massal_makan_siang_gratis#e0801,2026-04-01,Kabupaten Bantaeng,Sulawesi Selatan,1,0,awaiting lab / cause unknown,awaiting lab / cause unknown,False,,,[]
id.Daftar_kasus_keracunan_massal_makan_siang_gratis#e0527,2026-04-02,Kabupaten Bantul,DI Yogyakarta,0,0,no article read,no article read,False,,,[]
id.Daftar_kasus_keracunan_massal_makan_siang_gratis#e0209,2026-04-03,Kota Administrasi Jakarta Timur,DKI Jakarta,0,1,no article read,awaiting lab / cause unknown,False,,,[]
id.Daftar_kasus_keracunan_massal_makan_siang_gratis#e0701,2026-04-04,Kabupaten Bima,Nusa Tenggara Barat,0,2,no article read,awaiting lab / cause unknown,False,,,[]
id.Daftar_kasus_keracunan_massal_makan_siang_gratis#e0338,2026-04-06,Kabupaten Bogor,Jawa Barat,1,1,awaiting lab / cause unknown,awaiting lab / cause unknown,False,,,[]
id.Daftar_kasus_keracunan_massal_makan_siang_gratis#e0540,2026-04-07,Kabupaten Nganjuk,Jawa Timur,1,2,no cause information,no cause information,False,,,[]
id.Daftar_kasus_keracunan_massal_makan_siang_gratis#e0194,2026-04-08,Kota Tangerang,Banten,1,0,no cause information,no cause information,False,,,[]
id.Daftar_kasus_keracunan_massal_makan_siang_gratis#e0249,2026-04-08,Kabupaten Tasikmalaya,Jawa Barat,1,2,no cause information,awaiting lab / cause unknown,False,,,[]
id.Daftar_kasus_keracunan_massal_makan_siang_gratis#e0387,2026-04-08,Kabupaten Klaten,Jawa Tengah,1,0,awaiting lab / cause unknown,awaiting lab / cause unknown,False,,,[]
id.Daftar_kasus_keracunan_massal_makan_siang_gratis#e0528,2026-04-08,Kabupaten Bantul,DI Yogyakarta,1,1,"samples taken, no result stated","samples taken, no result stated",False,,,[]
id.Daftar_kasus_keracunan_massal_makan_siang_gratis#e0110,2026-04-09,Kota Jambi,Jambi,1,0,awaiting lab / cause unknown,awaiting lab / cause unknown,False,,,[]
id.Daftar_kasus_keracunan_massal_makan_siang_gratis#e0611,2026-04-09,Kabupaten Mojokerto,Jawa Timur,1,0,no cause information,no cause information,False,,,[]
id.Daftar_kasus_keracunan_massal_makan_siang_gratis#e0641,2026-04-09,Kabupaten Pacitan,Jawa Timur,1,0,no cause information,no cause information,False,,,[]
id.Daftar_kasus_keracunan_massal_makan_siang_gratis#e0388,2026-04-10,Kabupaten Klaten,Jawa Tengah,0,0,no article read,no article read,False,,,[]
id.Daftar_kasus_keracunan_massal_makan_siang_gratis#e0676,2026-04-10,Kabupaten Lombok Tengah,Nusa Tenggara Barat,1,0,awaiting lab / cause unknown,awaiting lab / cause unknown,False,,,[]
id.Daftar_kasus_keracunan_massal_makan_siang_gratis#e0530,2026-04-13,Kabupaten Bantul,DI Yogyakarta,1,2,no cause information,awaiting lab / cause unknown,False,,,[]
id.Daftar_kasus_keracunan_massal_makan_siang_gratis#e0087,2026-04-15,Kabupaten Kepulauan Anambas,Kepulauan Riau,0,0,no article read,no article read,False,,,[]
id.Daftar_kasus_keracunan_massal_makan_siang_gratis#e0555,2026-04-15,Kabupaten Bojonegoro,Jawa Timur,1,0,awaiting lab / cause unknown,awaiting lab / cause unknown,False,,,[]
id.Daftar_kasus_keracunan_massal_makan_siang_gratis#e0197,2026-04-16,Kota Cilegon,Banten,1,0,awaiting lab / cause unknown,awaiting lab / cause unknown,False,,,[]
id.Daftar_kasus_keracunan_massal_makan_siang_gratis#e0644,2026-04-16,Kota Madiun,Jawa Timur,1,0,awaiting lab / cause unknown,awaiting lab / cause unknown,False,,,[]
id.Daftar_kasus_keracunan_massal_makan_siang_gratis#e0842,2026-04-16,Kabupaten Nabire,Papua Tengah,1,0,awaiting lab / cause unknown,awaiting lab / cause unknown,False,,,[]
id.Daftar_kasus_keracunan_massal_makan_siang_gratis#e0231,2026-04-17,Kabupaten Cianjur,Jawa Barat,1,0,no cause information,no cause information,False,,,[]
id.Daftar_kasus_keracunan_massal_makan_siang_gratis#e0286,2026-04-17,Kabupaten Karawang,Jawa Barat,1,1,no cause information,lab: contamination reported,True,2026-05-12,25.0,[]
id.Daftar_kasus_keracunan_massal_makan_siang_gratis#e0466,2026-04-18,Kabupaten Demak,Jawa Tengah,1,9,awaiting lab / cause unknown,awaiting lab / cause unknown,False,,,[]
id.Daftar_kasus_keracunan_massal_makan_siang_gratis#e0198,2026-04-20,Kota Cilegon,Banten,1,0,no cause information,no cause information,False,,,[]
id.Daftar_kasus_keracunan_massal_makan_siang_gratis#e0646,2026-04-20,Kabupaten Bangkalan,Jawa Timur,0,0,no article read,no article read,False,,,[]
id.Daftar_kasus_keracunan_massal_makan_siang_gratis#e0413,2026-04-21,Kabupaten Rembang,Jawa Tengah,1,1,"samples taken, no result stated",awaiting lab / cause unknown,False,,,[]
id.Daftar_kasus_keracunan_massal_makan_siang_gratis#e0140,2026-04-22,Kota Bandar Lampung,Lampung,1,0,lab: result reported clean,lab: result reported clean,False,2026-04-24,2.0,[]
id.Daftar_kasus_keracunan_massal_makan_siang_gratis#e0199,2026-04-22,Kota Cilegon,Banten,1,0,no cause information,no cause information,False,,,[]
id.Daftar_kasus_keracunan_massal_makan_siang_gratis#e0648,2026-04-22,Kota Kediri,Jawa Timur,1,1,lab: contamination reported,lab: contamination reported,False,2026-04-24,2.0,"[""E. coli"", ""bacteria (unspecified)""]"
id.Daftar_kasus_keracunan_massal_makan_siang_gratis#e0654,2026-04-22,Kabupaten Sampang,Jawa Timur,1,3,awaiting lab / cause unknown,awaiting lab / cause unknown,False,,,[]
id.Daftar_kasus_keracunan_massal_makan_siang_gratis#e0103,2026-04-23,Kabupaten Bengkulu Tengah,Bengkulu,0,0,no article read,no article read,False,,,[]
id.Daftar_kasus_keracunan_massal_makan_siang_gratis#e0190,2026-04-23,Kabupaten Hulu Sungai Utara,Kalimantan Selatan,1,0,awaiting lab / cause unknown,awaiting lab / cause unknown,False,,,[]
id.Daftar_kasus_keracunan_massal_makan_siang_gratis#e0803,2026-04-23,Kabupaten Jeneponto,Sulawesi Selatan,1,0,no cause information,no cause information,False,,,[]
id.Daftar_kasus_keracunan_massal_makan_siang_gratis#e0151,2026-04-24,Kabupaten Kubu Raya,Kalimantan Barat,1,0,"samples taken, no result stated","samples taken, no result stated",False,,,[]
id.Daftar_kasus_keracunan_massal_makan_siang_gratis#e0687,2026-04-24,Kabupaten Lombok Timur,Nusa Tenggara Barat,1,0,awaiting lab / cause unknown,awaiting lab / cause unknown,False,,,[]
id.Daftar_kasus_keracunan_massal_makan_siang_gratis#e0655,2026-04-27,Kabupaten Kediri,Jawa Timur,0,0,no article read,no article read,False,,,[]
id.Daftar_kasus_keracunan_massal_makan_siang_gratis#e0017,2026-04-28,Kabupaten Deli Serdang,Sumatera Utara,1,1,no cause information,"samples taken, no result stated",False,,,[]
id.Daftar_kasus_keracunan_massal_makan_siang_gratis#e0389,2026-04-28,Kabupaten Klaten,Jawa Tengah,1,0,awaiting lab / cause unknown,awaiting lab / cause unknown,False,,,[]
id.Daftar_kasus_keracunan_massal_makan_siang_gratis#e0086,2026-04-29,Kota Batam,Kepulauan Riau,1,0,no cause information,no cause information,False,,,[]
id.Daftar_kasus_keracunan_massal_makan_siang_gratis#e0200,2026-04-29,Kabupaten Tangerang,Banten,0,0,no article read,no article read,False,,,[]
id.Daftar_kasus_keracunan_massal_makan_siang_gratis#e0472,2026-04-29,Kabupaten Cilacap,Jawa Tengah,0,1,no article read,"samples taken, no result stated",False,,,[]
id.Daftar_kasus_keracunan_massal_makan_siang_gratis#e0730,2026-04-29,Kabupaten Timor Tengah Selatan,Nusa Tenggara Timur,1,0,no cause information,no cause information,False,,,[]
id.Daftar_kasus_keracunan_massal_makan_siang_gratis#e0748,2026-04-30,Kabupaten Sumba Tengah,Nusa Tenggara Timur,1,0,awaiting lab / cause unknown,awaiting lab / cause unknown,False,,,[]
id.Daftar_kasus_keracunan_massal_makan_siang_gratis#e0113,2026-05-04,Kabupaten Belitung,Kepulauan Bangka Belitung,0,0,no article read,no article read,False,,,[]
id.Daftar_kasus_keracunan_massal_makan_siang_gratis#e0398,2026-05-06,Kabupaten Wonogiri,Jawa Tengah,1,0,awaiting lab / cause unknown,awaiting lab / cause unknown,False,,,[]
id.Daftar_kasus_keracunan_massal_makan_siang_gratis#e0532,2026-05-06,Kabupaten Bantul,DI Yogyakarta,1,0,"samples taken, no result stated","samples taken, no result stated",False,,,[]
id.Daftar_kasus_keracunan_massal_makan_siang_gratis#e0213,2026-05-08,Kota Administrasi Jakarta Timur,DKI Jakarta,1,3,no cause information,awaiting lab / cause unknown,False,,,[]
id.Daftar_kasus_keracunan_massal_makan_siang_gratis#e0815,2026-05-09,Kabupaten Kolaka,Sulawesi Tenggara,1,0,no cause information,no cause information,False,,,[]
id.Daftar_kasus_keracunan_massal_makan_siang_gratis#e0620,2026-05-11,Kota Surabaya,Jawa Timur,1,3,awaiting lab / cause unknown,lab: contamination reported,True,2026-05-21,10.0,[]
id.Daftar_kasus_keracunan_massal_makan_siang_gratis#e0233,2026-05-13,Kabupaten Cianjur,Jawa Barat,1,0,no cause information,no cause information,False,,,[]
id.Daftar_kasus_keracunan_massal_makan_siang_gratis#e0711,2026-05-13,Kabupaten Kupang,Nusa Tenggara Timur,1,0,no cause information,no cause information,False,,,[]
id.Daftar_kasus_keracunan_massal_makan_siang_gratis#e0430,2026-05-18,Kabupaten Temanggung,Jawa Tengah,0,2,no article read,awaiting lab / cause unknown,False,,,[]
id.Daftar_kasus_keracunan_massal_makan_siang_gratis#e0111,2026-05-20,Kota Jambi,Jambi,0,0,no article read,no article read,False,,,[]
id.Daftar_kasus_keracunan_massal_makan_siang_gratis#e0565,2026-05-20,Kabupaten Jember,Jawa Timur,1,5,"samples taken, no result stated",awaiting lab / cause unknown,False,,,[]
id.Daftar_kasus_keracunan_massal_makan_siang_gratis#e0298,2026-05-21,Kabupaten Garut,Jawa Barat,1,0,no cause information,no cause information,False,,,[]
id.Daftar_kasus_keracunan_massal_makan_siang_gratis#e0663,2026-05-21,Kabupaten Gresik,Jawa Timur,0,0,no article read,no article read,False,,,[]
id.Daftar_kasus_keracunan_massal_makan_siang_gratis#e0164,2026-05-22,Kabupaten Sambas,Kalimantan Barat,1,1,no cause information,awaiting lab / cause unknown,False,,,[]
id.Daftar_kasus_keracunan_massal_makan_siang_gratis#e0217,2026-05-22,Kota Administrasi Jakarta Barat,DKI Jakarta,1,0,awaiting lab / cause unknown,awaiting lab / cause unknown,False,,,[]
id.Daftar_kasus_keracunan_massal_makan_siang_gratis#e0201,2026-05-24,Kabupaten Serang,Banten,0,0,no article read,no article read,False,,,[]
id.Daftar_kasus_keracunan_massal_makan_siang_gratis#e0354,2026-05-29,Kabupaten Majalengka,Jawa Barat,1,1,awaiting lab / cause unknown,awaiting lab / cause unknown,False,,,[]
id.Daftar_kasus_keracunan_massal_makan_siang_gratis#e0104,2026-06-04,Kabupaten Kepahiang,Bengkulu,1,0,no cause information,no cause information,False,,,[]
id.Daftar_kasus_keracunan_massal_makan_siang_gratis#e0647,2026-06-04,Kabupaten Bangkalan,Jawa Timur,1,3,no cause information,awaiting lab / cause unknown,False,,,[]
id.Daftar_kasus_keracunan_massal_makan_siang_gratis#e0712,2026-06-06,Kabupaten Kupang,Nusa Tenggara Timur,1,0,no cause information,no cause information,False,,,[]
id.Daftar_kasus_keracunan_massal_makan_siang_gratis#e0283,2026-06-18,Kabupaten Sukabumi,Jawa Barat,1,0,no cause information,no cause information,False,,,[]
id.Daftar_kasus_keracunan_massal_makan_siang_gratis#e0570,2026-07-15,Kabupaten Jember,Jawa Timur,0,2,no article read,no cause information,False,,,[]
id.Daftar_kasus_keracunan_massal_makan_siang_gratis#e0438,2026-07-20,Kabupaten Blora,Jawa Tengah,0,1,no article read,no cause information,False,,,[]
id.Daftar_kasus_keracunan_massal_makan_siang_gratis#e0485,2026-07-21,Kabupaten Kulon Progo,DI Yogyakarta,0,5,no article read,awaiting lab / cause unknown,False,,,[]
id.Daftar_kasus_keracunan_massal_makan_siang_gratis#e0664,2026-07-21,Kota Malang,Jawa Timur,1,6,lab: contamination reported,lab: contamination reported,False,2026-07-28,7.0,"[""E. coli"", ""bacteria (unspecified)""]"
id.Daftar_kasus_keracunan_massal_makan_siang_gratis#e0299,2026-07-22,Kabupaten Garut,Jawa Barat,1,0,no cause information,no cause information,False,,,[]
id.Daftar_kasus_keracunan_massal_makan_siang_gratis#e0665,2026-07-22,Kota Pasuruan,Jawa Timur,1,0,no cause information,no cause information,False,,,[]
id.Daftar_kasus_keracunan_massal_makan_siang_gratis#e0122,2026-07-23,Kabupaten Tanggamus,Lampung,0,1,no article read,awaiting lab / cause unknown,False,,,[]
id.Daftar_kasus_keracunan_massal_makan_siang_gratis#e0657,2026-07-23,Kabupaten Kediri,Jawa Timur,1,1,awaiting lab / cause unknown,awaiting lab / cause unknown,False,,,[]
id.Daftar_kasus_keracunan_massal_makan_siang_gratis#e0149,2026-07-24,Kabupaten Pesawaran,Lampung,1,0,no cause information,no cause information,False,,,[]
id.Daftar_kasus_keracunan_massal_makan_siang_gratis#e0591,2026-07-27,Kabupaten Tulungagung,Jawa Timur,1,3,no cause information,awaiting lab / cause unknown,False,,,[]
id.Daftar_kasus_keracunan_massal_makan_siang_gratis#e0167,2026-07-28,Kabupaten Seruyan,Kalimantan Tengah,1,0,no cause information,no cause information,False,,,[]
id.Daftar_kasus_keracunan_massal_makan_siang_gratis#e0168,2026-07-28,Kabupaten Seruyan,Kalimantan Tengah,0,0,no article read,no article read,False,,,[]
id.Daftar_kasus_keracunan_massal_makan_siang_gratis#e0284,2026-07-28,Kabupaten Sukabumi,Jawa Barat,1,0,awaiting lab / cause unknown,awaiting lab / cause unknown,False,,,[]
id.Daftar_kasus_keracunan_massal_makan_siang_gratis#e0790,2026-07-29,Kabupaten Buol,Sulawesi Tengah,0,0,no article read,no article read,False,,,[]
id.Daftar_kasus_keracunan_massal_makan_siang_gratis#e0451,2026-07-31,Kota Semarang,Jawa Tengah,0,8,no article read,lab: contamination reported,True,2026-08-11,11.0,"[""E. coli"", ""Salmonella"", ""Staphylococcus"", ""bacteria (unspecified)""]"
id.Daftar_kasus_keracunan_massal_makan_siang_gratis#e0473,2026-07-31,Kota Surakarta,Jawa Tengah,0,0,no article read,no article read,False,,,[]
id.Daftar_kasus_keracunan_massal_makan_siang_gratis#e0179,2026-08-03,Kabupaten Kutai Kartanegara,Kalimantan Timur,1,0,"samples taken, no result stated","samples taken, no result stated",False,,,[]
id.Daftar_kasus_keracunan_massal_makan_siang_gratis#e0489,2026-08-03,Kabupaten Kulon Progo,DI Yogyakarta,0,0,no article read,no article read,False,,,[]
id.Daftar_kasus_keracunan_massal_makan_siang_gratis#e0500,2026-08-03,Kabupaten Sleman,DI Yogyakarta,0,0,no article read,no article read,False,,,[]
id.Daftar_kasus_keracunan_massal_makan_siang_gratis#e0408,2026-08-04,Kabupaten Jepara,Jawa Tengah,0,0,no article read,no article read,False,,,[]
id.Daftar_kasus_keracunan_massal_makan_siang_gratis#e0836,2026-08-04,Kabupaten Jayapura,Papua,0,1,no article read,no article read,False,,,[]
id.Daftar_kasus_keracunan_massal_makan_siang_gratis#e0183,2026-08-05,Kota Bontang,Kalimantan Timur,1,0,lab: contamination reported,lab: contamination reported,False,2026-08-11,6.0,"[""bacteria (unspecified)""]"
id.Daftar_kasus_keracunan_massal_makan_siang_gratis#e0414,2026-08-05,Kabupaten Rembang,Jawa Tengah,1,1,no cause information,awaiting lab / cause unknown,False,,,[]
id.Daftar_kasus_keracunan_massal_makan_siang_gratis#e0234,2026-08-06,Kabupaten Cianjur,Jawa Barat,1,0,awaiting lab / cause unknown,awaiting lab / cause unknown,False,,,[]
id.Daftar_kasus_keracunan_massal_makan_siang_gratis#e0339,2026-08-07,Kabupaten Bogor,Jawa Barat,0,1,no article read,no cause information,False,,,[]
id.Daftar_kasus_keracunan_massal_makan_siang_gratis#e0434,2026-08-07,Kabupaten Magelang,Jawa Tengah,1,5,"samples taken, no result stated","samples taken, no result stated",False,,,[]
id.Daftar_kasus_keracunan_massal_makan_siang_gratis#e0424,2026-08-10,Kabupaten Banyumas,Jawa Tengah,1,0,awaiting lab / cause unknown,awaiting lab / cause unknown,False,,,[]
id.Daftar_kasus_keracunan_massal_makan_siang_gratis#e0635,2026-08-11,Kabupaten Trenggalek,Jawa Timur,1,2,no cause information,awaiting lab / cause unknown,False,,,[]
id.Daftar_kasus_keracunan_massal_makan_siang_gratis#e0374,2026-08-12,Kabupaten Karanganyar,Jawa Tengah,0,2,no article read,no cause information,False,,,[]
id.Daftar_kasus_keracunan_massal_makan_siang_gratis#e0022,2026-08-13,Kabupaten Karo,Sumatera Utara,1,17,awaiting lab / cause unknown,lab: contamination reported,True,2026-08-17,4.0,[]
id.Daftar_kasus_keracunan_massal_makan_siang_gratis#e0081,2026-08-13,Kota Dumai,Riau,1,0,no cause information,no cause information,False,,,[]
id.Daftar_kasus_keracunan_massal_makan_siang_gratis#e0352,2026-08-14,Kota Sukabumi,Jawa Barat,1,0,"samples taken, no result stated","samples taken, no result stated",False,,,[]
id.Daftar_kasus_keracunan_massal_makan_siang_gratis#e0390,2026-08-14,Kabupaten Klaten,Jawa Tengah,0,2,no article read,awaiting lab / cause unknown,False,,,[]
id.Daftar_kasus_keracunan_massal_makan_siang_gratis#e0078,2026-08-18,Kabupaten Kampar,Riau,0,0,no article read,no article read,False,,,[]
id.Daftar_kasus_keracunan_massal_makan_siang_gratis#e0780,2026-08-20,Kabupaten Banggai Kepulauan,Sulawesi Tengah,1,0,awaiting lab / cause unknown,awaiting lab / cause unknown,False,,,[]
id.Daftar_kasus_keracunan_massal_makan_siang_gratis#e0474,2026-08-21,Kota Surakarta,Jawa Tengah,0,0,no article read,no article read,False,,,[]
id.Daftar_kasus_keracunan_massal_makan_siang_gratis#e0475,2026-08-21,Kabupaten Boyolali,Jawa Tengah,1,5,no cause information,awaiting lab / cause unknown,False,,,[]
id.Daftar_kasus_keracunan_massal_makan_siang_gratis#e0666,2026-09-01,Kabupaten Sidoarjo,Jawa Timur,1,80,"samples taken, no result stated",lab: contamination reported,True,2026-09-12,11.0,"[""bacteria (unspecified)""]"
id.Daftar_kasus_keracunan_massal_makan_siang_gratis#e0008,2026-09-02,Kabupaten Bener Meriah,Aceh,0,0,no article read,no article read,False,,,[]
id.Daftar_kasus_keracunan_massal_makan_siang_gratis#e0035,2026-09-02,Kabupaten Agam,Sumatera Barat,1,0,no cause information,no cause information,False,,,[]
id.Daftar_kasus_keracunan_massal_makan_siang_gratis#e0541,2026-09-02,Kabupaten Nganjuk,Jawa Timur,0,15,no article read,awaiting lab / cause unknown,False,,,[]
id.Daftar_kasus_keracunan_massal_makan_siang_gratis#e0640,2026-09-02,Kabupaten Jombang,Jawa Timur,1,15,"samples taken, no result stated",lab: contamination reported,True,2026-09-15,13.0,"[""Bacillus"", ""E. coli"", ""bacteria (unspecified)""]"
id.Daftar_kasus_keracunan_massal_makan_siang_gratis#e0804,2026-09-02,Kabupaten Tana Toraja,Sulawesi Selatan,1,13,lab: contamination reported,lab: contamination reported,False,2026-09-11,9.0,"[""E. coli"", ""bacteria (unspecified)"", ""nitrite/nitrate""]"
id.Daftar_kasus_keracunan_massal_makan_siang_gratis#e0391,2026-09-03,Kabupaten Klaten,Jawa Tengah,1,1,awaiting lab / cause unknown,awaiting lab / cause unknown,False,,,[]
id.Daftar_kasus_keracunan_massal_makan_siang_gratis#e0415,2026-09-03,Kabupaten Rembang,Jawa Tengah,1,9,awaiting lab / cause unknown,awaiting lab / cause unknown,False,,,[]
id.Daftar_kasus_keracunan_massal_makan_siang_gratis#e0105,2026-09-04,Kota Bengkulu,Bengkulu,1,0,awaiting lab / cause unknown,awaiting lab / cause unknown,False,,,[]
id.Daftar_kasus_keracunan_massal_makan_siang_gratis#e0533,2026-09-04,Kabupaten Bantul,DI Yogyakarta,0,7,no article read,lab: contamination reported,True,2026-09-16,12.0,"[""Bacillus"", ""bacteria (unspecified)""]"
id.Daftar_kasus_keracunan_massal_makan_siang_gratis#e0409,2026-09-07,Kabupaten Jepara,Jawa Tengah,1,0,no cause information,no cause information,False,,,[]
id.Daftar_kasus_keracunan_massal_makan_siang_gratis#e0501,2026-09-07,Kabupaten Sleman,DI Yogyakarta,0,3,no article read,"samples taken, no result stated",False,,,[]
id.Daftar_kasus_keracunan_massal_makan_siang_gratis#e0416,2026-09-08,Kabupaten Rembang,Jawa Tengah,0,2,no article read,awaiting lab / cause unknown,False,,,[]
id.Daftar_kasus_keracunan_massal_makan_siang_gratis#e0439,2026-09-08,Kabupaten Blora,Jawa Tengah,1,1,no cause information,no cause information,False,,,[]
id.Daftar_kasus_keracunan_massal_makan_siang_gratis#e0457,2026-09-09,Kabupaten Pati,Jawa Tengah,1,12,awaiting lab / cause unknown,awaiting lab / cause unknown,False,,,[]
id.Daftar_kasus_keracunan_massal_makan_siang_gratis#e0645,2026-09-09,Kota Madiun,Jawa Timur,1,1,no cause information,no cause information,False,,,[]
id.Daftar_kasus_keracunan_massal_makan_siang_gratis#e0330,2026-09-10,Kabupaten Bandung Barat,Jawa Barat,0,0,no article read,no article read,False,,,[]
id.Daftar_kasus_keracunan_massal_makan_siang_gratis#e0028,2026-09-11,Kabupaten Labuhanbatu Utara,Sumatera Utara,1,0,no cause information,no cause information,False,,,[]
id.Daftar_kasus_keracunan_massal_makan_siang_gratis#e0399,2026-09-11,Kabupaten Wonogiri,Jawa Tengah,1,0,awaiting lab / cause unknown,awaiting lab / cause unknown,False,,,[]
id.Daftar_kasus_keracunan_massal_makan_siang_gratis#e0400,2026-09-11,Kabupaten Wonogiri,Jawa Tengah,1,0,awaiting lab / cause unknown,awaiting lab / cause unknown,False,,,[]
id.Daftar_kasus_keracunan_massal_makan_siang_gratis#e0678,2026-09-11,Kabupaten Lombok Tengah,Nusa Tenggara Barat,1,5,"samples taken, no result stated",awaiting lab / cause unknown,False,,,[]
id.Daftar_kasus_keracunan_massal_makan_siang_gratis#e0027,2026-09-14,Kabupaten Karo,Sumatera Utara,1,6,no cause information,no cause information,False,,,[]
id.Daftar_kasus_keracunan_massal_makan_siang_gratis#e0029,2026-09-14,Kabupaten Asahan,Sumatera Utara,1,0,awaiting lab / cause unknown,awaiting lab / cause unknown,False,,,[]
id.Daftar_kasus_keracunan_massal_makan_siang_gratis#e0045,2026-09-14,Kota Pariaman,Sumatera Barat,1,0,awaiting lab / cause unknown,awaiting lab / cause unknown,False,,,[]
id.Daftar_kasus_keracunan_massal_makan_siang_gratis#e0267,2026-09-14,Kabupaten Kuningan,Jawa Barat,0,0,no article read,no article read,False,,,[]
id.Daftar_kasus_keracunan_massal_makan_siang_gratis#e0637,2026-09-15,Kabupaten Trenggalek,Jawa Timur,1,2,awaiting lab / cause unknown,awaiting lab / cause unknown,False,,,[]
id.Daftar_kasus_keracunan_massal_makan_siang_gratis#e0143,2026-09-16,Kabupaten Lampung Selatan,Lampung,1,0,awaiting lab / cause unknown,awaiting lab / cause unknown,False,,,[]
id.Daftar_kasus_keracunan_massal_makan_siang_gratis#e0490,2026-09-16,Kabupaten Kulon Progo,DI Yogyakarta,1,0,"samples taken, no result stated","samples taken, no result stated",False,,,[]
id.Daftar_kasus_keracunan_massal_makan_siang_gratis#e0521,2026-09-16,Kota Yogyakarta,DI Yogyakarta,0,0,no article read,no article read,False,,,[]
id.Daftar_kasus_keracunan_massal_makan_siang_gratis#e0592,2026-09-16,Kabupaten Tulungagung,Jawa Timur,1,1,no cause information,no cause information,False,,,[]
id.Daftar_kasus_keracunan_massal_makan_siang_gratis#e0670,2026-09-16,Kota Blitar,Jawa Timur,0,4,no article read,awaiting lab / cause unknown,False,,,[]
id.Daftar_kasus_keracunan_massal_makan_siang_gratis#e0832,2026-09-16,Kota Sorong,Papua Barat Daya,0,0,no article read,no article read,False,,,[]
id.Daftar_kasus_keracunan_massal_makan_siang_gratis#e0005,2026-09-17,Kabupaten Bireuen,Aceh,0,0,no article read,no article read,False,,,[]
id.Daftar_kasus_keracunan_massal_makan_siang_gratis#e0651,2026-09-17,Kota Kediri,Jawa Timur,1,6,no cause information,awaiting lab / cause unknown,False,,,[]
id.Daftar_kasus_keracunan_massal_makan_siang_gratis#e0018,2026-09-18,Kabupaten Deli Serdang,Sumatera Utara,0,0,no article read,no article read,False,,,[]
id.Daftar_kasus_keracunan_massal_makan_siang_gratis#e0115,2026-09-18,Kabupaten Bangka Tengah,Kepulauan Bangka Belitung,1,0,no cause information,no cause information,False,,,[]
id.Daftar_kasus_keracunan_massal_makan_siang_gratis#e0463,2026-09-18,Kabupaten Pati,Jawa Tengah,1,0,"samples taken, no result stated","samples taken, no result stated",False,,,[]
id.Daftar_kasus_keracunan_massal_makan_siang_gratis#e0814,2026-09-18,Kota Kendari,Sulawesi Tenggara,0,0,no article read,no article read,False,,,[]
id.Daftar_kasus_keracunan_massal_makan_siang_gratis#e0141,,Kabupaten Lampung Selatan,Lampung,1,0,no cause information,no cause information,False,,,[]
id.Daftar_kasus_keracunan_massal_makan_siang_gratis#e0205,,Kota Administrasi Jakarta Utara,DKI Jakarta,0,0,no article read,no article read,False,,,[]
