item_id,"event (place, date, venue)",article title,outlet,article date,sentence before,SENTENCE TO LABEL,sentence after,url,label,about this event?,notes
L001,"Aceh Selatan, 2026-02-26 - PAUD (Spesifik tidak disebutkan); SMA (Spesifik tidak disebutkan)",Satgas: Penyebab keracunan MBG Aceh Selatan akibat kontaminasi bakteri,antaranews.com,2026-03-18,"""Hasil uji sampel tersebut menjadi pedoman dan bahan masukan untuk tindak lanjut bagi instansi dan pengambil kebijakan terkait sesuai dengan kewenangan berdasarkan peraturan perundang-undangan,"" kata Diva Samudra Putra.","Ia menyebutkan hasil laboratorium menunjukkan bahwa dari lima sampel makanan yang diperiksa ditemukan adanya cemaran mikroba, seperti Bacillus cereus, Staphylococcus aureus, dan Salmonella.","""Bakteri tersebut menyebabkan mual, muntah, dan diare.",https://www.antaranews.com/berita/5483438/satgas-penyebab-keracunan-mbg-aceh-selatan-akibat-kontaminasi-bakteri,,,
L002,"Bantul, 2026-09-04 - TK KB Mawar Harapan; KB Teratai Ceria; SDN 1 Sumberagung; SD Patalan; SD Sawahan; SD Kembangsongo",Dugaan Keracunan MBG di Bantul DIY: 11 Siswa Belum Masuk dan Sekolah Setop MBG,yogyakarta.kompas.com,2026-09-09,,"YOGYAKARTA, KOMPAS.com - Sebanyak 11 siswa SDN 1 Sumberagung, Kapanewon Jetis, Kabupaten Bantul, Daerah Istimewa Yogyakarta (DIY), masih belum masuk sekolah pada Rabu (9/9/2026), setelah sebelumnya puluhan siswa dan sejumlah guru diduga mengalami keracunan makanan.","Sementara itu, guru yang sebelumnya sempat mengalami keluhan sudah kembali mengajar.",https://yogyakarta.kompas.com/read/2026/09/09/220155678/dugaan-keracunan-mbg-di-bantul-diy-11-siswa-belum-masuk-dan-sekolah-setop,,,
L003,"Karimun, 2025-09-25 - SMPN 2 Karimun",Satgas MBG Karimun selidiki dugaan keracunan MBG,antaranews.com,2025-09-26,"""Sudah kami kontrol, sudah dilakukan uji laboratorium sampel makannya.","Kasatgas MBG yang dipimpin Pak Wakil Bupati sedang menyelidiki sumber (keracunan), apakah benar dari Satuan Pelayanan Pemenuhan Gizi (SPPG),"" kata Iskandarsyah dikonfirmasi di Batam, Jumat.","Orang nomor satu di lingkungan Pemkab Karimun itu membenarkan sebanyak 14 siswa di SMP Negeri 2 Karimun mengalami gangguan kesehatan, seperti mual dan sakit perut usai mengkonsumsi MBG pada Kamis (25/9).",https://www.antaranews.com/berita/5135741/satgas-mbg-karimun-selidiki-dugaan-keracunan-mbg,,,
L004,"Lombok Tengah, 2026-01-17 - SDN 1 Darmaji; MI Hidayatuslohin",Terungkap! Susu MBG Pemicu Keracunan 38 Siswa di Lombok Mengandung Bakteri,detik.com,2026-02-03,"Selain itu, terdapat pula susu yang sudah kedaluwarsa tanggal 16 dan 17 Januari 2025 sehingga tidak layak edar.","Menurut hasil laboratorium itu, hanya apel dan roti pada menu MBG tersebut yang dinyatakan layak konsumsi.","""Pencegahan keracunan dalam program Makan Bergizi Gratis (MBG) memerlukan pengawasan ketat di seluruh rantai produksi, meliputi pemilihan bahan segar, penyimpanan suhu tepat, higiene penjamah makanan menggunakan alat pelindung diri (APD),"" imbuhnya.",https://www.detik.com/bali/nusra/d-8339346/terungkap-susu-mbg-pemicu-keracunan-38-siswa-di-lombok-mengandung-bakteri,,,
L005,"Palu, 2025-09-16 - SDN Inpres Boyaoge",BPOM: 314 Siswa Sulteng Keracunan Tuna MBG Akibat Kadar Histamin,cnnindonesia.com,2025-10-01,"Ratusan siswa tersebut dilarikan ke rumah sakit setelah mengalami mual, muntah, sakit perut dan pusing serta sesak nafas usai menyantap menu makanan dari MBG berupa ikan tuna goreng saus.","""Hasil uji kami itu temukan memang ada kadar histamin, terutama pada ikan tuna dan sejenisnya,"" kata Kepala BPOM Palu, Mardianto kepada wartawan, Selasa (1/10).","Mardianto menuturkan bahwa pihaknya juga menemukan sejumlah parameter yang tidak memenuhi syarat, baik dari sisi kimia maupun mikrobiologi.",https://www.cnnindonesia.com/nasional/20251001160620-20-1279833/bpom-314-siswa-sulteng-keracunan-tuna-mbg-akibat-kadar-histamin,,,
L006,"Ternate, 2025-07-22 - SMKN 5 Kota Ternate","Diduga Keracunan MBG, Sampel Darah 17 Siswa SMKN 5 Ternate Diperiksa",kadera.id,2025-07-27,Hasil pemeriksaan laboratorium hingga kini belum keluar.,“Pengecekan sampel darah untuk mengidentifikasi gejala-gejalanya yang mendekati bakteri apa.,Dan dari pangan apa?,https://www.kadera.id/2025/07/27/diduga-keracunan-mbg-sampel-darah-17-siswa-smkn-5-ternate-diperiksa/,,,
L007,"Manggarai Barat, 2026-01-29 - SDI Golo Welu 2; SDI Golo Bombong; SMPN 2 Kuwus; SMAN 1 Kuwus; SMKN 1 Kuwus",Ketua Satgas MBG Manggarai Barat NTT Soal Ratusan Siswa Keracunan: Tunggu Penyebab Pasti,liputan6.com,2026-01-31,"Selain itu, pengujian cepat terhadap kualitas air minum dan air bersih yang digunakan juga dilakukan.","Hasil pemeriksaan menunjukkan negatif terhadap bakteri E. Coli dan Total Koliform, sehingga mengindikasikan air bukan menjadi sumber masalah pada dugaan kejadian keracunan tersebut.","Namun, pemeriksaan sampel makanan tidak dapat dilakukan karena tidak tersedianya food sample bank dari produksi hari kejadian.",https://www.liputan6.com/regional/read/6269049/ketua-satgas-mbg-manggarai-barat-ntt-soal-ratusan-siswa-keracunan-tunggu-penyebab-pasti,,,
L008,"Lebong, 2025-08-28 - PAUD IT Al-Azhar; PAUD Az-Zahra; TK Al Akhlak; SD IT Al Azhar; SD IT Al-Azhar Sukabumi; SD Muhammadiyah Ujung ",Dapur MBG Diduga Sebabkan Ratusan Siswa di Bengkulu Keracunan Ditutup,detik.com,2025-08-28,Dapur MBG itu ditutup Pemerintah Provinsi (Pemprov) Bengkulu.,Wakil Gubernur Bengkulu Mian menegaskan dapur MBG yang diduga menjadi penyebab keracunan telah ditutup sementara untuk kepentingan penyelidikan.,"""Untuk sementara, pengelola dapur MBG ini dihentikan dan diinvestigasi dulu.",https://www.detik.com/sumbagsel/berita/d-8083844/dapur-mbg-diduga-sebabkan-ratusan-siswa-di-bengkulu-keracunan-ditutup,,,
L009,"Bangkalan, 2026-04-20 - SMPN 1 Blega","Makanan MBG Diduga Basi, Guru dan Siswa di Bangkalan Dirawat",surabaya.kompas.com,2026-04-22,"“Menurut keterangan dari sekolah, sayuran itu juga sudah agak berlendir serta terlihat tidak segar,” ujar Bambang.","Selain sayur, lauk nugget juga diduga dalam kondisi basi.","Setelah mencicipi makanan, guru tersebut mengalami keringat dingin dan muntah-muntah.",https://surabaya.kompas.com/read/2026/04/22/062810578/makanan-mbg-diduga-basi-guru-dan-siswa-di-bangkalan-dirawat,,,
L010,"Mamuju, 2025-09-24 - SDN Taan Galung; SMP Negeri 1 Tapalang","Hasil Lab Keluar, Dinkes Sebut Penyebab Keracunan MBG di Mamuju Diduga akibat Bakteri di Nasi",regional.kompas.com,2025-10-01,"Kepala Dinas Kesehatan Mamuju, Sita Harit Ibrahim, menjelaskan bahwa ada tiga sampel sisa MBG yang diuji di laboratorium BPOM, yaitu nasi, ayam krispi, dan semangka.","""Dari tiga sampel yang diperiksa BPOM, hanya nasi positif mengandung kuman Escherichia Coli,"" kata Sita Harit saat dikonfirmasi oleh Kompas.com.",Sita Harit juga menambahkan bahwa saus yang sebelumnya diduga sudah kedaluwarsa tidak diuji karena jenisnya berupa kemasan.,https://regional.kompas.com/read/2025/10/01/165518078/hasil-lab-keluar-dinkes-sebut-penyebab-keracunan-mbg-di-mamuju-diduga,,,
L011,"Kediri, 2026-07-23 - TK Kusuma Mulya Krandang; MI Barokah; SDN Purwodadi 1; SDN Krandang 2; SMPN 1 Kras; nonsekolah kategori 3B",201 Siswa dari 3 Sekolah Kediri Mual hingga Diare Diduga Usai Makan MBG,detik.com,2026-07-28,Ratusan siswa dari 3 sekolah di Kediri mengeluhkan gangguan kesehatan diduga usai menyantap makanan Program Makan Bergizi Gratis (MBG).,Dinas Kesehatan (Dinkes) Kabupaten Kediri sedang di lapangan untuk mengumpulkan data dan memastikan penyebab kejadian tersebut hingga.,Kepala Dinas Kesehatan Kediri Achmad Khatib mengatakan pihaknya baru menerima laporan pada Senin siang.,https://www.detik.com/jatim/berita/d-8594122/201-siswa-dari-3-sekolah-kediri-mual-hingga-diare-diduga-usai-makan-mbg,,,
L012,"Ogan Komering Ilir, 2025-09-02 - SD Negeri 1 Pedamaran; SD Negeri 5 Pedamaran; SMP Negeri 1 Pedamaran",Hasil Laboratorium BTKL Sebut Keracunan MBG di OKI karena Bakteri E Coli,detik.com,2025-09-17,"""Info dari Dinkes OKI sumber air untuk masak dari air minum isi ulang, sedangkan untuk cuci-cuci beli pakai mobil tangki,"" ungkapnya.","Sebelumnya diberitakan, Dinkes Sumsel menerima hasil pemeriksaan yang dilakukan BPOM Palembang pada kasus keracunan makan bergizi gratis (MBG) di Ogan Komering Ilir (OKI).",Ada 2 item menu yang tidak memenuhi syarat dari hasil uji laboratorium.,https://www.detik.com/sumbagsel/berita/d-8115988/hasil-laboratorium-btkl-sebut-keracunan-mbg-di-oki-karena-bakteri-e-coli,,,
L013,"Garut, 2025-09-17 - SDN 2 Mandalasari; SMP Siti Aisyah; MA (Madrasah Aliyah) Siti Aisyah; MA Maarif Cilageni; SMA Siti Aisyah","Korban Keracunan MBG di Garut Capai 657 Siswa, Bupati Janji Evaluasi Menyeluruh - Pikiran Rakyat Koran",koran.pikiran-rakyat.com,2025-09-20,"Saat ini, pihak kepolisian masih menunggu tim Reskrim Polres Tasikmalaya untuk melakukan penyelidikan lebih lanjut.",Penyelidikan ini bertujuan untuk menentukan sumber pasti penyebab keracunan dari program makanan MBG.,"Sementara itu, Wakil Bupati Tasikmalaya, Asep Sopari Al Ayubi, angkat bicara menyikapi kasus keracunan yang menimpa sejumlah siswa SD dan PAUD di Kecamatan Cikalong Kabupaten Tasikmalaya.",https://koran.pikiran-rakyat.com/news/pr-3039659563/korban-keracunan-mbg-di-garut-capai-657-siswa-bupati-janji-evaluasi-menyeluruh,,,
L014,"Semarang, 2026-07-31 - SMKN 6 Semarang",Menkes ungkap temuan bakteri pada kasus keracunan MBG Papua & Semarang,antaranews.com,2026-08-06,,"Laporannya sudah ada, hasil labnya juga sudah ada, jadi memang kita identifikasi ada beberapa makanan yang ada bakteri E. coli-nya, bukan hanya semangka tapi ada beberapa makanan lain",Jakarta (ANTARA) - Menteri Kesehatan (Menkes) Budi Gunadi Sadikin mengatakan pihaknya menindaklanjuti temuan bakteri E. coli dalam kasus keracunan pada Program Makan Bergizi Gratis (MBG) di Papua dan Semarang (Jawa Tengah) dengan memberikan masukan kepada Badan Gizi Nasional (BGN).,https://www.antaranews.com/berita/5681913/menkes-ungkap-temuan-bakteri-pada-kasus-keracunan-mbg-papua-semarang,,,
L015,"Agam, 2026-09-02 - SD (Spesifik tidak disebutkan); SMP Negeri 1 Palupuh","Menu MBG Penyebab Keracunan di Agam Mengandung Bakteri, Ahli: Bukti Kegagalan Sistematis Keamanan Pangan",regional.kompas.com,2026-09-11,"Pasca mengkonsumsi menu tersebut, para korban yang terdiri dari balita, ibu hamil, siswa hingga guru mengalami gejala diare, pusing, mual dan muntah.","Defriman menjelaskan, keracunan massal yang disebabkan oleh bakteri seperti Bacillus cereus atau Staphylococcus aureus terjadi melalui mekanisme preformed toxin, yakni racun yang sudah terbentuk lebih dulu di dalam makanan.","""Inilah sebabnya masa inkubasi sangat pendek, yaitu berkisar 1 hingga 6 jam, dan pemanasan ulang tidak lagi melindungi,"" ujar Defriman kepada Kompas.com.",https://regional.kompas.com/read/2026/09/11/185930778/menu-mbg-penyebab-keracunan-di-agam-mengandung-bakteri-ahli-bukti-kegagalan,,,
L016,"Kudus, 2026-01-29 - SMAN 2 Kudus",Dinkes: Hasil lab tunjukkan MBG SPPG di Kudus terkontaminasi E.Coli,antaranews.com,2026-02-09,"Kudus (ANTARA) - Kepala Dinas Kesehatan (Dinkes) Kabupaten Kudus, Jawa Tengah, Abdul Hakam mengatakan sampel makanan yang disajikan Satuan Pelayanan Pemenuhan Gizi (SPPG) Purwosari 01 yang dikirim ke Balai Laboratorium Kesehatan (BLK) Semarang terkontaminasi bakteri Escherichia Coli (E.Coli).","""Dalam pengujian sampel makanan di BLK Semarang terdapat dua jenis pemeriksaan, yakni bakteriologis dan kimia,"" ucap Abdul Hakam di Kudus, Senin.","Pemeriksaan bakteriologis, kata dia, untuk mengidentifikasi bakteri dan dampaknya terhadap kesehatan.",https://www.antaranews.com/berita/5406526/dinkes-hasil-lab-tunjukkan-mbg-sppg-di-kudus-terkontaminasi-ecoli,,,
L017,"Bandar Lampung, 2026-04-22 - SMAN 6 Bandar Lampung","Ratusan Siswa SMAN 6 Diduga Keracunan MBG, Dapur Way Lunik Disetop Sementara",kupastuntas.co,2026-04-24,"Ini sudah kami surati untuk segera diperbaiki,” tegasnya.","Meski demikian, hasil uji sampel air dan usap peralatan dari dapur tersebut dinyatakan memenuhi syarat kesehatan.","Sebagai langkah antisipasi, tim kesehatan juga telah melakukan pemantauan terhadap siswa dan guru yang terdampak, meski tidak ada yang sampai menjalani rawat inap.",https://kupastuntas.co/2026/04/24/ratusan-siswa-sman-6-diduga-keracunan-mbg-dapur-way-lunik-disetop-sementara,,,
L018,"Klaten, 2026-04-28 - SMPN 1 Tulung","SPPG Klaten Disetop Usai Ratusan Siswa Keracunan MBG, Air Positif Bakteri E Coli",regional.kompas.com,2026-05-10,"Menurut Yoga, hasil pemeriksaan laboratorium menunjukkan sampel air yang digunakan di SPPG positif mengandung bakteri Escherichia coli atau E coli.","“Dikarenakan hasil lab pasca keracunan terdapat hasil positif bakteri E coli maka perlu evaluasi pengecekan sampel air yang digunakan SPPG, pembenahan bangunan infrastruktur SPPG, dan evaluasi relawan SPPG,” kata Yoga.","Ia menegaskan selama masa suspend, pihak mitra pengelola SPPG tidak akan menerima insentif dari BGN.",https://regional.kompas.com/read/2026/05/10/172157778/sppg-klaten-disetop-usai-ratusan-siswa-keracunan-mbg-air-positif-bakteri-e,,,
L019,"Pati, 2026-02-09 - SMKN 4 Pati","Uji Lab Temukan Bakteri di Menu MBG SMKN 4 Pati, SPPG Margorejo Dihentikan Sementara",regional.kompas.com,2026-03-04,,"PATI, KOMPAS.com – Hasil uji laboratorium terhadap sampel Makan Bergizi Gratis (MBG) yang dikonsumsi siswa SMKN 4 Pati menunjukkan adanya kandungan bakteri pada sejumlah menu.",Temuan tersebut memicu penghentian sementara operasional Satuan Pelayanan Pemenuhan Gizi (SPPG) Pati Margorejo sembari menunggu proses evaluasi dan perbaikan.,https://regional.kompas.com/read/2026/03/04/164410478/uji-lab-temukan-bakteri-di-menu-mbg-smkn-4-pati-sppg-margorejo-dihentikan,,,
L020,"Agam, 2026-09-02 - SD (Spesifik tidak disebutkan); SMP Negeri 1 Palupuh","Kasus Keracunan MBG Terulang, Pemkab Agam Perketat Pengawasan Dapur SPPG",regional.kompas.com,2026-09-10,"Sepekan setelah kejadian, Balai Besar Pengawas Obat dan Makanan (BPOM) menemukan kontaminasi bakteri Bacillus cereus pada sampel tahu dan cabai menu MBG yang dikonsumsi korban.",Bakteri tersebut ditemukan setelah BPOM melakukan uji sampel menu makanan MBG dan muntah dari para korban.,Keracunan massal akibat MBG bukan kali pertama terjadi di Kabupaten Agam.,https://regional.kompas.com/read/2026/09/10/202940978/kasus-keracunan-mbg-terulang-pemkab-agam-perketat-pengawasan-dapur-sppg,,,
L021,"Cianjur, 2025-04-21 - MAN 1 Cianjur",Dinkes Periksa Dapur MBG di Cianjur Usai Puluhan Siswa Keracunan Makanan,kompas.com,2025-04-22,"Frida menegaskan, pihaknya masih menunggu hasil dari laboratorium.","“Nanti, setelah hasil pemeriksaan keluar, akan terlihat apakah makanan tersebut mengandung bakteri atau jamur, dan jenisnya apa, termasuk jika ada kandungan bahan pengawet, atau bahan-bahan yang sudah kedaluwarsa,” katanya.","“Atau bisa jadi hasilnya tidak ditemukan, dan ternyata berasal dari sumber lain,” tambahnya.",https://www.kompas.com/jawa-barat/read/2025/04/22/130503388/dinkes-periksa-dapur-mbg-di-cianjur-usai-puluhan-siswa-keracunan,,,
L022,"Bengkulu Utara, 2026-02-26",BGN pastikan kematian siswa di Bengkulu Utara tak terkait MBG,antaranews.com,2026-03-03,Jakarta (ANTARA) - Wakil Kepala Badan Gizi Nasional (BGN) Bidang Komunikasi Publik dan Investigasi Nanik Sudaryati Deyang memastikan meninggalnya seorang siswa Madrasah Ibtidaiyah Negeri (MIN) 2 Bengkulu Utara bernama Fatih tidak berkaitan dengan konsumsi menu Program Makan Bergizi Gratis (MBG) yang didistribusikan ole,"Hal tersebut disampaikan Nanik setelah hasil uji laboratorium yang dilakukan oleh Badan Pengawas Obat dan Makanan (BPOM) menunjukkan tidak ditemukan bakteri E. coli maupun indikasi cemaran lain seperti boraks, formalin, nitrit, arsen, sianida, ataupun temuan lain pada sampel makanan Program MBG yang diperiksa.","""Informasi yang beredar dan mengaitkan kematian korban dengan dugaan keracunan MBG tidak sesuai dengan fakta di lapangan.",https://www.antaranews.com/berita/5450563/bgn-pastikan-kematian-siswa-di-bengkulu-utara-tak-terkait-mbg,,,
L023,"Bandung, 2025-04-29 - SMP Negeri 35 Bandung",Dinkes Ungkap Penyebab Keracunan Massal di SMPN 35 Bandung,detik.com,2025-05-22,Penyebab keracunan massal yang menimpa ratusan siswa SMP Negeri 35 Bandung beberapa waktu lalu akhirnya terungkap.,Hasil uji laboratorium menunjukkan jika menu Makanan Bergizi Gratis (MBG) yang dikonsumsi para siswa mengandung bakteri berbahaya.,"Kepala Dinas Kesehatan Kota Bandung, Anhar Hadian mengatakan, dari lima sampel makanan yang dikirim ke Laboratorium Kesehatan Daerah (Labkesda) Jawa Barat, dua di antaranya yakni melon potong dan mixed vegetable terdeteksi mengandung bakteri Bacillus dan jamur Candida.",https://www.detik.com/jabar/berita/d-7926302/dinkes-ungkap-penyebab-keracunan-massal-di-smpn-35-bandung,,,
L024,"Karimun, 2025-09-25 - SMPN 2 Karimun",Dinkes uji lab sampel MBG yang diduga picu keracunan siswa di Karimun,antaranews.com,2025-09-26,"Hingga Kamis sore, semua siswa sudah dipulangkan setelah dapat perawatan medis,"" ujar Bisri.",Ia menduga keracunan siswa di Karimun itu bisa saja dipicu cemaran bakteri atau zat kimiawi tertentu pada bahan MBG atau mungkin akibat metode pengolahan sampai penyajian makanan yang kurang bersih dan sehat.,"Menurutnya, keracunan MBG tidak harus dialami semua siswa, karena tergantung reaksi tubuh masing-masing, misalnya ada yang alergi makanan tertentu sehingga menimbulkan keracunan.",https://www.antaranews.com/berita/5135397/dinkes-uji-lab-sampel-mbg-yang-diduga-picu-keracunan-siswa-di-karimun,,,
L025,"Pati, 2026-02-09 - SMKN 4 Pati","Kasus Keracunan MBG di Pati: SPPG Belum Operasi hingga Hasil Lab Keluar, Guru Diminta Ikut Awasi Makanan",regional.kompas.com,2026-02-14,Para siswa mendadak mengeluhkan pusing dan mual setelah menyantap makan siang gratis.,"Saat ini, dapur SPPG MBG di Desa Muktiharjo masih berstatus non-aktif hingga hasil uji laboratorium dinyatakan aman untuk dikonsumsi kembali.",Bayangkan seorang anak Indonesia bercita-cita menjadi dokter tetapi hanya memiliki satu buku lusuh untuk belajar.,https://regional.kompas.com/read/2026/02/14/154556978/kasus-keracunan-mbg-di-pati-sppg-belum-operasi-hingga-hasil-lab-keluar-guru,,,
L026,"Demak, 2026-04-18 - Ponpes Bustanul Qur'an; Ponpes Asnawiyah; Ponpes Hidayatul Mubdtadiin; Ponpes Al Ma'arif; Ponpes Nurul Sakinah","Buntut Keracunan MBG di Demak, Wagub Jateng Minta Distribusi dan Konsumsi MBG Tepat Waktu",regional.kompas.com,2026-04-21,"Sebagai langkah tindak lanjut, operasional SPPG yang bersangkutan telah dihentikan sementara dan dipasangi garis polisi.",Dinas Kesehatan setempat kini tengah melakukan uji laboratorium untuk memastikan penyebab pasti keracunan sekaligus melakukan evaluasi sistem distribusi secara menyeluruh agar kejadian serupa tidak terulang kembali.,Bayangkan seorang anak Indonesia bercita-cita menjadi dokter tetapi hanya memiliki satu buku lusuh untuk belajar.,https://regional.kompas.com/read/2026/04/21/211235978/buntut-keracunan-mbg-di-demak-wagub-jateng-minta-distribusi-dan-konsumsi,,,
L027,"Kebumen, 2025-09-25 - SDN Tegalretno; Madrasah Wathoniyah Islamiyah",26 Siswa di Kebumen Diduga Keracunan MBG Dipulangkan dari RS,detik.com,2025-09-27,Adapun sampel sisa makanan juga telah dibawa ke laboratorium di Yogyakarta untuk diteliti lebih lanjut.,"""Ini sedang pemeriksaan bakterial, sampel sisa makanan juga sudah dibawa ke Yogyakarta, ke Laboratorium Kesehatan,"" pungkasnya.",(ams/apu),https://www.detik.com/jateng/berita/d-8133239/26-siswa-di-kebumen-diduga-keracunan-mbg-dipulangkan-dari-rs,,,
L028,"Bandung Barat, 2025-09-22 - SD Negeri Cipari; MTs Darul Fiqri; SMK Pembangunan Bandung Barat; TK Nurul Saadah; SMP Ciparai; SMK Karya Perj","Mengenal Senyawa Nitrit, Pemicu Keracunan MBG di Bandung Barat",health.detik.com,2025-10-05,"Meski jarang disangka, buah berair juga bisa jadi media tumbuh bakteri pengubah nitrat menjadi nitrit, terutama bila sudah dikupas, dipotong, lalu dibiarkan terbuka terlalu lama.","Hal inilah yang juga ditemukan pada kasus Bandung Barat, di mana sisa buah melon mengandung nitrit tinggi.",4.,https://health.detik.com/diet/d-8145435/mengenal-senyawa-nitrit-pemicu-keracunan-mbg-di-bandung-barat,,,
L029,"Surabaya, 2026-05-11 - TK Ubaid; TK Aletheia; SD Tembok Dukuh 1; SD Tembok Dukuh 3; SDN Tembok Dukuh 4; SD Aletheia; SD Pancasila 45;",Dinkes Surabaya Ungkap Dugaan Penyebab Keracunan MBG: Dapur Kotor- SLHS Belum Dikantongi,surabaya.kompas.com,2026-05-14,“Jadi dari beku menjadi layak di untuk dipotong.,"Nah itu, itu dugaan kita, di situlah terkontaminasi,” ungkapnya.","Selain itu, ia juga menemukan dapur yang tidak memakai perangkap serangga di area pengelolaan bahan-bahan mentah sehingga rawan serangga seperti lalat dapat masuk dan menghinggapi makanan.",https://surabaya.kompas.com/read/2026/05/14/182004878/dinkes-surabaya-ungkap-dugaan-penyebab-keracunan-mbg-dapur-kotor-slhs-belum,,,
L030,"Bogor, 2025-09-26 - SMPN 1 Jonggol","2 Kasus Keracunan MBG di Kabupaten Bogor, Dinkes Temukan Kontaminasi Salmonella dan E Coli",bandung.kompas.com,2025-10-19,"Sebanyak tujuh siswa mengalami gejala mual, muntah, dan diare setelah mengonsumsi makanan MBG di sekolah tersebut.","""Dari hasil pemeriksaan laboratorium yang keluar pada 2 Oktober 2025, ditemukan Salmonella sp pada telur ceplok serta E. coli dan coliform pada makanan lain yang diperiksa,"" kata Fusia dalam keterangannya, Sabtu (19/10/2025).","Kasus serupa kembali terjadi pada awal Oktober 2025 di SDN Pasir Angin 2 dan SDN Gadog 1, Kecamatan Megamendung, Puncak Bogor.",https://bandung.kompas.com/read/2025/10/19/214857278/2-kasus-keracunan-mbg-di-kabupaten-bogor-dinkes-temukan-kontaminasi,,,
L031,"Kulon Progo, 2025-07-31 - SMPN 2 Wates; SMP Muhammadiyah 2 Wates; SD Triharjo; SD Sogan","497 Siswa Kulon Progo Keracunan, 3 Jenis Bakteri Berbahaya Ditemukan di Menu MBG",yogyakarta.kompas.com,2025-08-20,Hasil uji laboratorium resmi menunjukkan sampel makanan yang dikonsumsi siswa terkontaminasi oleh tiga jenis bakteri berbahaya.,"Hasil uji laboratorium dari Balai Laboratorium Kesehatan dan Kalibrasi (BLKK) Yogyakarta menunjukkan bahwa sampel makanan dari satu Satuan Pelayanan Pemenuhan Gizi (SPPG) — penyedia makanan MBG — telah terkontaminasi oleh tiga jenis bakteri, yakni:","""Semua bakteri itu seharusnya tidak ada dalam makanan,"" ujar Arif Mustofa, Kepala Bidang Pencegahan dan Pengendalian Penyakit (P2P) Dinas Kesehatan Kulon Progo, Rabu (20/8/2025).",https://yogyakarta.kompas.com/read/2025/08/20/164930478/497-siswa-kulon-progo-keracunan-3-jenis-bakteri-berbahaya-ditemukan-di,,,
L032,"Gunungkidul, 2025-09-03 - MTsN Wonosari","5 Anak Mual-Muntah Usai Santap MBG di Gunungkidul, Dinkes: Diduga Keracunan Makanan",detik.com,2025-09-04,"""Kita sudah ambil sampel baik dari makanan, muntahan dan air di SPPG.","Sampel itu juga sudah kita uji lab dan hasilnya keluar 14 hari, semua itu untuk memastikan penyebabnya dari bakteri atau bahan kimia,"" ujarnya.","Terkait apa yang dialami kelima murid itu, Ismono menyebut kebanyakan mual dan muntah.",https://www.detik.com/jogja/berita/d-8096710/5-anak-mual-muntah-usai-santap-mbg-di-gunungkidul-dinkes-diduga-keracunan-makanan,,,
L033,"Surabaya, 2026-05-11 - TK Ubaid; TK Aletheia; SD Tembok Dukuh 1; SD Tembok Dukuh 3; SDN Tembok Dukuh 4; SD Aletheia; SD Pancasila 45;",SPPG Tembok Dukuh Surabaya Ditutup Sementara Imbas 200 Siswa Keracunan MBG,surabaya.kompas.com,2026-05-11,"Saat ini, kata Chafi, SPPG yang beroperasi sejak 2 Februari 2026 tersebut ditutup sementara.",Pihaknya masih menunggu hasil uji laboratorium dari sampel menu MBG yang disalurkannya.,“Saat saya menerima informasi bahwa ada sekolah yang keracunan langsung saya setop (distribusi).,https://surabaya.kompas.com/read/2026/05/11/225411378/sppg-tembok-dukuh-surabaya-ditutup-sementara-imbas-200-siswa-keracunan-mbg,,,
L034,"Tana Toraja, 2026-09-02 - SMP Negeri 1 Makale; SMP Negeri 2 Makale","Keracunan Massal MBG Toraja, Ayam Bumbu Kuning Positif Bakteri",cnnindonesia.com,2026-09-11,"Hasil pengujian pada nasi putih, tempe mendoan, sayur tumis jagung, wortel dan labu siam, serta ikan nila dinyatakan negatif untuk parameter E. coli, Staphylococcus aureus, Salmonella, methanil yellow, sianida, dan nitrit.","Sementara pada sampel irisan melon, hasil pemeriksaan mikrobiologi juga negatif untuk E. coli, Staphylococcus aureus, dan Salmonella.",Sedangkan pemeriksaan kimia menunjukkan adanya nitrit dalam kadar kecil.,https://www.cnnindonesia.com/nasional/20260911180218-20-1402945/keracunan-massal-mbg-toraja-ayam-bumbu-kuning-positif-bakteri,,,
L035,"Palangka Raya, 2025-09-29 - SDN 3 Bukit Tunggal",Pemkot Palangka Raya Percepat Sertifikat Higiene Dapur MBG usai Instruksi Mendagri,regional.kompas.com,2025-09-29,"“Tapi ada tiga langkah sebelum SLHS bisa diterbitkan, seperti pelatihan penjamah makanan, inspeksi kesehatan lingkungan oleh Dinas Kesehatan, dan pengambilan sampel makanan untuk diuji laboratorium,” kata Zaini, Senin (29/9/2025).","Ia menambahkan, pengambilan sampel makanan membutuhkan waktu lebih lama karena harus memastikan ada tidaknya virus, bakteri, atau kuman yang berpotensi membuat makanan tidak sesuai standar.","Sejauh ini, pelatihan penjamah makanan telah dilakukan untuk 15 dapur SPPG dengan sekitar 700 orang peserta.",https://regional.kompas.com/read/2025/09/29/123007978/pemkot-palangka-raya-percepat-sertifikat-higiene-dapur-mbg-usai-instruksi,,,
L036,"Sidoarjo, 2026-09-01 - Ponpes Manba'ul Hikam; MTS; MA; 16 Lembaga Pendidikan Lainnya",Kepala BGN Ungkap Kronologi Ratusan Santri di Sidoarjo Keracunan MBG,liputan6.com,2026-09-03,Keputusan ini diambil sambil menunggu hasil pemeriksaan laboratorium dan evaluasi penyebab kejadian.,"""Operasional SPPG Kalitengah dihentikan sementara sambil menunggu hasil pemeriksaan laboratorium dan evaluasi lebih lanjut atas penyebab kejadian tersebut,"" kata Wakil Gubernur Jawa Timur Emil Elestianto Dardak usai mengunjungi korban di RSUD Notopuro Sidoarjo, Rabu (2/9/2026) dini hari.","Dia menegaskan penanganan korban menjadi prioritas, dengan perawatan yang disesuaikan pada kondisi masing-masing pasien.",https://www.liputan6.com/news/read/8283621/kepala-bgn-ungkap-kronologi-ratusan-santri-di-sidoarjo-keracunan-mbg,,,
L037,"Bontang, 2026-08-05 - TBA (Spesifik tidak disebutkan)","Puluhan Siswa di Bontang Sakit Usai Santap MBG, 2 Kepala SPPG Dicopot",detik.com,2026-08-11,"Dua Kepala Satuan Pelayanan Pemenuhan Gizi (SPPG) di Kota Bontang, Kalimantan Timur (Kaltim), dicopot usai terjadi gangguan kesehatan pada penerima manfaat Makan Bergizi Gratis (MBG).","Di sisi lain, investigasi Dinkes Bontang menemukan bakteri patogen pada sampel pangan.",Dua SPPG yang dikenai sanksi yakni SPPG Bontang Barat dan SPPG Bontang Utara 2.,https://www.detik.com/kalimantan/berita/d-8614428/puluhan-siswa-di-bontang-sakit-usai-santap-mbg-2-kepala-sppg-dicopot,,,
L038,"Trenggalek, 2026-09-15 - SMP Global; MA Global","Keracunan MBG, 77 Siswa dan Guru di Trenggalek Alami Diare Massal | AFU.id",afu.id,2026-09-16,"Oleh karena itu, pemeriksaan laboratorium yang lebih lengkap sangat diperlukan untuk mendeteksi jenis bakteri yang relatif jarang ditemukan dalam insiden serupa.",Salah satu fokus pengujian di Surabaya adalah mencari kemungkinan adanya kontaminasi Bacillus cereus yang sering kali menjadi biang keladi keracunan makanan massal.,Hasil pemeriksaan ilmiah tersebut nantinya akan dijadikan landasan objektif utama untuk menyimpulkan sumber penyebab gangguan kesehatan para siswa.,https://afu.id/humaniora/keracunan-mbg-77-siswa-dan-guru-di-trenggalek-alami-diare-massal,,,
L039,"Bandung Barat, 2025-09-22 - SD Negeri Cipari; MTs Darul Fiqri; SMK Pembangunan Bandung Barat; TK Nurul Saadah; SMP Ciparai; SMK Karya Perj",Nitrit di Melon dan Lotek Jadi Biang Kerok Keracunan MBG di Bandung Barat,nasional.kompas.com,2025-10-04,"Senyawa nitrit dapat berbahaya bagi kesehatan karena dapat menyebabkan methemoglobinemia, yaitu kondisi kekurangan oksigen dalam darah, dan berisiko tinggi membentuk nitrosamin, senyawa karsinogenik yang dapat meningkatkan risiko kanker, terutama kanker lambung dan pankreas.","Karimah menjelaskan, secara alami, sebagian buah-buahan dan sayur-sayuran memang mengandung nitrit.","Kadarnya bisa meningkat karena hasil kerja bakteri, yang dapat mengubah nitrat menjadi nitrit, atau sebaliknya.",https://nasional.kompas.com/read/2025/10/04/08455081/nitrit-di-melon-dan-lotek-jadi-biang-kerok-keracunan-mbg-di-bandung-barat,,,
L040,"Karawang, 2026-04-17 - Balita; Ibu Menyusui",Bukan Bakteri! Ini Penyebab 63 Balita Keracunan MBG Cianjur,detik.com,2026-05-12,"- Sumber Makanan: Menu disajikan oleh Satuan Pelayanan Pemenuhan Gizi (SPPG) Leles 2, Sukasirna.",Temuan Laboratorium: Nitrit 169 Kali Lipat di Atas Batas,"Berdasarkan pengujian mendalam oleh Laboratorium Kesehatan Daerah (Labkesda) Jawa Barat, ditemukan fakta mengenai kandungan zat kimia pada menu makanan tersebut.",https://www.detik.com/jabar/berita/d-8485739/bukan-bakteri-ini-penyebab-63-balita-keracunan-mbg-cianjur,,,
L041,"Kulon Progo, 2025-07-31 - SMPN 2 Wates; SMP Muhammadiyah 2 Wates; SD Triharjo; SD Sogan",SPPG Buka Suara soal MBG Bikin 497 Siswa SMP Kulon Progo Keracunan,detik.com,2025-08-21,Nah itu banyak hal yang kemudian kita bicara kumannya masuk dari mana.,"Tapi yang jelas kami matur yang diambil itu kan sampel makanan yang ada di MBG dan itu memang positif terkontaminasi bakteri,"" ucapnya.",Budi mengatakan hasil uji laboratorium terhadap sampel menu MBG serta muntahan dan tinja siswa ini sebenarnya sesuai dengan perkiraan pihaknya.,https://www.detik.com/jogja/berita/d-8071965/sppg-buka-suara-soal-mbg-bikin-497-siswa-smp-kulon-progo-keracunan,,,
L042,"Lombok Tengah, 2026-01-17 - SDN 1 Darmaji; MI Hidayatuslohin",Puluhan Pelajar di Lombok Tengah Keracunan Usai Konsumsi Susu Program MBG - merdeka.com,merdeka.com,2026-01-17,Investigasi dan Uji Laboratorium Sampel Susu MBG,Dinas Kesehatan Kabupaten Lombok Tengah telah mengambil langkah proaktif dengan mengamankan sampel susu yang diduga menjadi penyebab keracunan.,Sampel tersebut akan segera diuji di laboratorium untuk mengetahui kandungan dan penyebab pasti keracunan.,https://www.merdeka.com/peristiwa/puluhan-pelajar-di-lombok-tengah-keracunan-usai-konsumsi-susu-program-mbg-522733-mvk.html,,,
L043,"Bantul, 2026-09-04 - TK KB Mawar Harapan; KB Teratai Ceria; SDN 1 Sumberagung; SD Patalan; SD Sawahan; SD Kembangsongo",Dinkes Ungkap Hasil Uji Lab Menu Pemicu 4 SD di Bantul Keracunan MBG,detik.com,2026-09-16,"""(Hasil uji laboratorium sampel MBG keluar?) Iya, sudah.","Hasilnya ada Bacillus sp, sejenis bakteri.","Itu (Bacillus sp) pada galantin,"" kata Kepala Bidang Penanggulangan Penyakit Dinas Kesehatan (Dinkes) Bantul, Samsu Aryanto, saat dihubungi detikJogja, Selasa (15/9/2026).",https://www.detik.com/jogja/berita/d-8664524/dinkes-ungkap-hasil-uji-lab-menu-pemicu-4-sd-di-bantul-keracunan-mbg,,,
L044,"Manggarai Barat, 2026-01-29 - SDI Golo Welu 2; SDI Golo Bombong; SMPN 2 Kuwus; SMAN 1 Kuwus; SMKN 1 Kuwus",Dapur MBG di Manggarai Barat Ditutup Usai Ratusan Siswa SD-SMA Keracunan,detik.com,2026-01-30,"Terkait pemeriksaan kualitas air, tim telah melakukan pengujian cepat terhadap air minum dan air bersih yang digunakan.",Hasil pemeriksaan menunjukkan air minum tersebut tidak mengandung bakteri E Coli maupun koliform.,"""Ini mengindikasikan bahwa, berdasarkan sampel yang diuji, air bukan merupakan sumber masalah pada dugaan keracunan ratusan siswa tersebut,"" terang Adrianus.",https://www.detik.com/bali/nusra/d-8333685/dapur-mbg-di-manggarai-barat-ditutup-usai-ratusan-siswa-sd-sma-keracunan,,,
L045,"Ketapang, 2026-02-05 - SMP Negeri 1 Marau; SMA Negeri 1 Marau; SMK Negeri 1 Marau",206 Siswa dan Guru di Marau Ketapang Diduga Keracunan Menu MBG,detik.com,2026-02-05,Para siswa dan guru diduga mengalami keracunan setelah mengonsumsi menu MBG yang dibagikan di sekolah masing-masing.,"Meski begitu, Feria belum bisa memastikan penyebab keracunan apakah benar dari menu MBG.","""Ini masih dugaan (keracunan MBG),"" tuturnya.",https://www.detik.com/kalimantan/berita/d-8342720/206-siswa-dan-guru-di-marau-ketapang-diduga-keracunan-menu-mbg,,,
L046,"Jombang, 2026-03-05 - Ponpes Sholawat Darut Taubah",Penyebab 28 Santri Keracunan Telur Asin MBG di Jombang Terungkap,detik.com,2026-03-17,"Penyebab 28 santri Pondok Pesantren (Ponpes) Sholawat Darut Taubah, Jombang mengalami keracunan makan bergizi gratis (MBG) akhirnya terungkap.","Keracunan massal ini disebabkan telur asin yang mengandung nitrit, bahan kimia pengawet daging olahan.",Penyebab keracunan MBG di Ponpes Sholawat Darut Taubah terungkap dari hasil pemeriksaan Balai Besar Laboratorium Kesehatan Masyarakat (BBLabkesmas) Surabaya.,https://www.detik.com/jatim/berita/d-8405054/penyebab-28-santri-keracunan-telur-asin-mbg-di-jombang-terungkap,,,
L047,"Cianjur, 2025-04-21 - MAN 1 Cianjur",Dinkes Periksa Dapur MBG di Cianjur Usai Puluhan Siswa Keracunan Makanan,kompas.com,2025-04-22,"Frida menegaskan, pihaknya masih menunggu hasil dari laboratorium.","“Nanti, setelah hasil pemeriksaan keluar, akan terlihat apakah makanan tersebut mengandung bakteri atau jamur, dan jenisnya apa, termasuk jika ada kandungan bahan pengawet, atau bahan-bahan yang sudah kedaluwarsa,” katanya.","“Atau bisa jadi hasilnya tidak ditemukan, dan ternyata berasal dari sumber lain,” tambahnya.",https://www.kompas.com/jawa-barat/read/2025/04/22/130503388/dinkes-periksa-dapur-mbg-di-cianjur-usai-puluhan-siswa-keracunan,,,
L048,"Kediri, 2026-04-22 - SDN Ketami 1; SDN Ketami 2; SDN Tempurejo 1",Wali Kota Kediri tegaskan pengawasan ketat SPPG agar jalankan SOP,antaranews.com,2026-04-25,"Dan nantinya kami akan menunggu hasil lebih lanjut dari keputusan BGN seperti apa,"" kata Mbak Wali, sapaan Wali Kota Vinanda Prameswati.","Ia menjelaskan berdasarkan hasil uji laboratorium ditemukan bakteri Escherichia coli (E.coli), sedangkan hasil survei kehigienisan ditemukan bahwa SPPG Tempurejo belum melakukan uji organoleptik.","Seluruh temuan tersebut, katanya, juga langsung dilaporkan kepada BGN.",https://www.antaranews.com/berita/5541939/wali-kota-kediri-tegaskan-pengawasan-ketat-sppg-agar-jalankan-sop,,,
L049,"Cianjur, 2026-04-17 - Desa Sukasirna; Desa Purabaya","Balita di Cianjur Meninggal dan Sempat Konsumsi MBG, Dinkes Tunggu Hasil Uji Lab",bandung.kompas.com,2026-04-27,,"CIANJUR, KOMPAS.com - Dinas Kesehatan Kabupaten Cianjur, Jawa Barat, masih menunggu hasil laboratorium atas sampel makanan dari program Makan Bergizi Gratis (MBG), yang diduga terkait dengan kasus meninggalnya seorang balita akibat keracunan.","Sebelum meninggal dunia, balita berusia 2 tahun asal Kecamatan Leles, Cianjur itu sempat mendapatkan perawatan di puskesmas, lalu dirujuk ke rumah sakit setelah mengalami gejala mual dan muntah.",https://bandung.kompas.com/read/2026/04/27/191241278/balita-di-cianjur-meninggal-dan-sempat-konsumsi-mbg-dinkes-tunggu-hasil-uji,,,
L050,"Ketapang, 2025-09-23 - SDN 12 Benua Kayong","Dalam Keracunan MBG di Ketapang, Menu Ikan Hiu yang Paling Disesalkan",detik.com,2025-09-25,"Terlepas dari itu, Agus menyampaikan permintaan maaf sedalam-dalamnya kepada masyarakat.",Ia berjanji keracunan MBG seperti di Ketapang tak akan terulang.,"""Kami minta maaf.",https://www.detik.com/kalimantan/berita/d-8129063/dalam-keracunan-mbg-di-ketapang-menu-ikan-hiu-yang-paling-disesalkan,,,
L051,"Karo, 2026-08-13 - SMP Negeri 3 Kabanjahe; SMP Swasta Bersama; SMAN 1 Berastagi; SMK Swasta Bersama; SMA Swasta Bersama",Mengenal 3 Bakteri Patogen Penyebab Keracunan MBG,health.detik.com,2026-09-12,"Meski demikian, keberadaan E. coli pada sampel makanan tidak otomatis berarti bakteri tersebut merupakan STEC.",Pemeriksaan lebih lanjut diperlukan untuk mengetahui jenis atau strain E. coli yang ditemukan serta karakter patogeniknya.,Penyebab Keracunan Bisa Lebih Kompleks,https://health.detik.com/diet/d-8659295/mengenal-3-bakteri-patogen-penyebab-keracunan-mbg,,,
L052,"Sidoarjo, 2026-09-01 - Ponpes Manba'ul Hikam; MTS; MA; 16 Lembaga Pendidikan Lainnya","Cari Penyebab Dugaan Keracunan MBG, Dinkes Sidoarjo Ambil Sampel Bahan Makanan dan Muntahan",surabaya.kompas.com,2026-09-02,"Namun, BGN harus melakukan evaluasi menyeluruh.","“Jadi saya juga menyampaikan kepada Mas Teguh (Wakil Koordinator BGN Jatim), sering kali hasil lab ini kesimpulannya selalu sama, ada bakterinya.",Tapi kita belum menjawab akar masalahnya.,https://surabaya.kompas.com/read/2026/09/02/172302178/cari-penyebab-dugaan-keracunan-mbg-dinkes-sidoarjo-ambil-sampel-bahan,,,
L053,"Banyuwangi, 2025-10-24 - SMPN 3 Kalipuro; MA Nurul Khairoh; SMA NU Gombengsari",Siswa Korban Keracunan MBG di Kalipuro Banyuwangi Bertambah Jadi 133 Orang,surabaya.kompas.com,2025-10-29,"Dinkes Banyuwangi telah mengambil berbagai sampel untuk mengetahui penyebab keracunan tersebut, meliputi pemeriksaan sampel makanan MBG, air yang digunakan, peralatan masak dan makan, hingga rectal swab pada sejumlah siswa.","Semua sampel tersebut diuji di laboratorium, dan hasilnya, sampel air yang digunakan, terdeteksi adanya paparan bakteri Escherichia coli (E.coli).","""Airnya bersumber dari sistem Hippam (Himpunan Pengguna Air Minum) dan ditimbun dalam tandon,"" terang Amir.",https://surabaya.kompas.com/read/2025/10/29/161955078/siswa-korban-keracunan-mbg-di-kalipuro-banyuwangi-bertambah-jadi-133-orang,,,
L054,"Kupang, 2025-09-24 - SD Inpres Liliba",Walkot Kupang Tunggu Diagnosa Medis soal 11 Siswa SD Keracunan MBG,cnnindonesia.com,2025-09-24,"Wali Kota Kupang, Christian Widodo mengatakan masih menunggu hasil pemeriksaan dan diagnosa dari dokter yang menangani sebelas siswa SD Inpres Liliba yang diduga mengalami keracunan usai mengonsumsi makanan bergizi gratis (MBG), Rabu (24/9) siang.","""Kita masih menunggu diagnosa dokter yang didahului anamnesa, pemeriksaan fisik, pemeriksaan penunjang (laboratorium), dan lain-lain,"" kata Walikota Kupang Christian Widodo melalui pesan tertulis saat dikonfirmasi CNNIndonesia.com, Rabu malam.","Pemerintah Kota Kupang, sambungnya, belum bisa mengambil sikap sebelum adanya hasil pemeriksaan dan diagnosa dari dokter.",https://www.cnnindonesia.com/nasional/20250924194702-20-1277380/walkot-kupang-tunggu-diagnosa-medis-soal-11-siswa-sd-keracunan-mbg,,,
L055,"Tasikmalaya, 2025-05-01 - Beberapa Sekolah TK; SDN 1 Rajapolah; SDN 2 Rajapolah; SMPN 1 Rajapolah",Korban Keracunan MBG di Tasikmalaya Tercatat 400 Pelajar dari TK hingga SMA,kompas.com,2025-05-02,"“Iya betul, dan ada beberapa siswa mengalami diare, tapi tidak parah, dan tentunya ini merupakan pembelajaran atas kejadian di lapangan,” kata Dadan.","Lebih lanjut, ia mengingatkan agar semua pihak tidak langsung menyimpulkan penyebab keracunan sebelum hasil uji laboratorium keluar.","“Kita tetap kroscek dulu, tidak serta merta menghakimi bahwa kejadian itu disebabkan oleh makanan ini.",https://www.kompas.com/jawa-barat/read/2025/05/02/133948088/korban-keracunan-mbg-di-tasikmalaya-tercatat-400-pelajar-dari-tk,,,
L056,"Grobogan, 2026-01-10 - TK Ngroto; SDN Trisari; SDN Glapan; SDN Penadaran; SMP Miftahul Huda; SMK Miftahul Huda",Hasil Lab Ungkap Menu MBG Penyebab Keracunan Ratusan Santri di Grobogan Positif E. coli,regional.kompas.com,2026-01-19,Menu tersebut diduga menyebabkan ratusan santri mengalami gejala keracunan.,"Kepala Dinas Kesehatan Kabupaten Grobogan, Djatmiko mengatakan, berdasarkan rilis resmi yang dikirim Balai Laboratorium Kesehatan dan Pengujian Alat Kesehatan, Dinkes Provinsi Jateng menyebutkan menu MBG positif terpapar bakteri E coli.","Menu tersebut, kata Djatmiko, yaitu nasi kuning, telur dadar, lalapan selada, lalapan timun dan tempe keripik.",https://regional.kompas.com/read/2026/01/19/200826878/hasil-lab-ungkap-menu-mbg-penyebab-keracunan-ratusan-santri-di-grobogan,,,
L057,"Demak, 2026-04-18 - Ponpes Bustanul Qur'an; Ponpes Asnawiyah; Ponpes Hidayatul Mubdtadiin; Ponpes Al Ma'arif; Ponpes Nurul Sakinah","Buntut Keracunan MBG di Demak, Wagub Jateng Minta Distribusi dan Konsumsi MBG Tepat Waktu",regional.kompas.com,2026-04-21,"Sebagai langkah tindak lanjut, operasional SPPG yang bersangkutan telah dihentikan sementara dan dipasangi garis polisi.",Dinas Kesehatan setempat kini tengah melakukan uji laboratorium untuk memastikan penyebab pasti keracunan sekaligus melakukan evaluasi sistem distribusi secara menyeluruh agar kejadian serupa tidak terulang kembali.,Bayangkan seorang anak Indonesia bercita-cita menjadi dokter tetapi hanya memiliki satu buku lusuh untuk belajar.,https://regional.kompas.com/read/2026/04/21/211235978/buntut-keracunan-mbg-di-demak-wagub-jateng-minta-distribusi-dan-konsumsi,,,
L058,"Pati, 2026-09-09 - SDN 3 Gembong; MI Miftahul; SMPN 1 Gembong; MTSN 3 Pati; MTs Manbaul Ulum; Posyandu Anggrek",Plt Bupati Pati Sebut Ratusan Siswa Keracunan MBG Masuk Kategori KLB,cnnindonesia.com,2026-09-10,SPPG disetop sementara,"Selain menetapkan KLB, Pemkab Pati pun telah menutup sementara SPPG Pati Gembong 1 setelah ratusan siswa dari sejumlah sekolah di Kecamatan Gembong keracunan MBG.","Sekretaris Dinas Kesehatan Kabupaten Pati, Joko Leksono Widodo, mengatakan penutupan dilakukan selama 3 bulan ke depan.",https://www.cnnindonesia.com/nasional/20260910134746-20-1402395/plt-bupati-pati-sebut-ratusan-siswa-keracunan-mbg-masuk-kategori-klb,,,
L059,"Kulon Progo, 2025-07-31 - SMPN 2 Wates; SMP Muhammadiyah 2 Wates; SD Triharjo; SD Sogan",SPPG Buka Suara soal MBG Bikin 497 Siswa SMP Kulon Progo Keracunan,detik.com,2025-08-21,Nah itu banyak hal yang kemudian kita bicara kumannya masuk dari mana.,"Tapi yang jelas kami matur yang diambil itu kan sampel makanan yang ada di MBG dan itu memang positif terkontaminasi bakteri,"" ucapnya.",Budi mengatakan hasil uji laboratorium terhadap sampel menu MBG serta muntahan dan tinja siswa ini sebenarnya sesuai dengan perkiraan pihaknya.,https://www.detik.com/jogja/berita/d-8071965/sppg-buka-suara-soal-mbg-bikin-497-siswa-smp-kulon-progo-keracunan,,,
L060,"Dairi, 2026-02-09 - SMK Swasta HKBP Sidikalang; SMK Swasta Arina Sidikalang","SPPG yang Buat 218 Pelajar di Dairi Keracunan Ditutup, Bobby: Menunya Jangan Ala Kadarnya",medan.kompas.com,2026-03-10,"Berdasarkan hasil uji laboratorium sampel makanan MBG tersebut, ditemukan adanya indikasi kontaminasi bakteri pada menu yang disajikan kepada siswa.",Pada sampel makanan di SMK HKBP ditemukan bakteri Staphylococcus aureus dan Bacillus cereus pada nasi putih dan kapang khamir pada menu gulai ayam.,"Keracunan yang terjadi ini diduga akibat durasi waktu antara proses pengolahan makanan hingga dikonsumsi siswa yang terlalu lama, sehingga memicu pertumbuhan bakteri pada makanan.",https://medan.kompas.com/read/2026/03/10/170249478/sppg-yang-buat-218-pelajar-di-dairi-keracunan-ditutup-bobby-menunya-jangan-ala,,,
L061,"Kebumen, 2025-09-25 - SDN Tegalretno; Madrasah Wathoniyah Islamiyah",Ratusan Siswa Kebumen Diduga Keracunan Usai Santap Soto-Perkedel MBG,detik.com,2025-09-26,"Pada intinya kami langsung ke puskesmas dan rumah sakit karena ada dua tempat (perawatan) Puskesmas Petanahan dan PKU Muhammadiyah Petanahan,"" jelasnya.",Petugas medis pun masih terus melakukan pemeriksaan dan pantauan kesehatan termasuk memeriksa kandungan bakteri yang ada pada tubuh para pelajar.,Adapun sampel sisa makanan juga telah dibawa ke laboratorium di Yogyakarta untuk diteliti lebih lanjut.,https://www.detik.com/jateng/berita/d-8131416/ratusan-siswa-kebumen-diduga-keracunan-usai-santap-soto-perkedel-mbg,,,
L062,"Jombang, 2026-09-02 - SMPN 1 Kabuh",Kepala SPPG Dicopot-Dapur Disetop Buntut Keracunan MBG Massal di Jombang,detik.com,2026-09-16,Kandungan bakteri e coli di air galon isi ulang tidak terlalu tinggi.,Kandungan e coli melebihi batas aman justru ditemukan di udang saus padang.,Yaitu mencapai 120 CFU per Gram.,https://www.detik.com/jatim/berita/d-8665207/kepala-sppg-dicopot-dapur-disetop-buntut-keracunan-mbg-massal-di-jombang,,,
L063,"Semarang, 2026-07-31 - SMKN 6 Semarang",Terungkap! Biang Keracunan MBG SMKN 6 Semarang gegara 3 Bakteri,detik.com,2026-08-11,"Hasilnya, lauk MBG berupa rendang, ayam, dan telur puyuh positif mengandung bakteri E coli, Staphylococcus, dan Salmonella.","""Hasil (pemeriksaan) keracunan di SMKN 6 Semarang, E coli positif, Staphylococcus positif, Salmonella positif, terutama pada lauk,"" kata Kepala Dinas Kesehatan (Dinkes) Kota Semarang, Abdul Hakam di Balai Kota Semarang, Selasa (11/8/2026).","""Lauknya kan kemarin rendang, ayam, telur puyuh.",https://www.detik.com/jateng/berita/d-8613430/terungkap-biang-keracunan-mbg-smkn-6-semarang-gegara-3-bakteri,,,
L064,"Lombok Tengah, 2025-04-23 - SDN Repuk Tunjang","5 Siswa Lombok Tengah Keracunan Menu MBG, Ada Bakteri E-Coli di Telur",detik.com,2025-05-09,"""Sampel makanan yang diperiksa itu ada nasi putih, kemudian kacang, tumis kangkung, telur bumbu, dan buah salak.","Yang terindikasi mengandung E-coli itu telur bumbu dan kacang goreng itu,"" kata Suardi di Praya, Lombok Tengah, Jumat (9/5/2025).",Suardi menduga menu MBG itu tercemar lantaran petugas dapur kurang hati-hari terhadap kebersihan.,https://www.detik.com/bali/nusra/d-7907093/5-siswa-lombok-tengah-keracunan-menu-mbg-ada-bakteri-e-coli-di-telur,,,
L065,"Lombok Tengah, 2026-09-11 - SDN 2 Lendang Tampel; SDN Repok Puyung; SDN Beber; SDN Mertak Kesambik; MTs Qudwatun Hasanah","Keracunan MBG di Lombok Tengah, BPOM Uji Sampel Makanan, Hasil Keluar Maksimal 30 Hari",regional.kompas.com,2026-09-14,"Kepala BPOM Mataram Yogi Abaso mengatakan, proses pengujian membutuhkan waktu karena pihaknya harus memeriksa berbagai kemungkinan penyebab, mulai dari bahan kimia berbahaya, logam berat hingga mikrobiologi.","""Lama pengujian maksimal 30 hari kerja, karena kami harus mencari penyebab kimia bahan berbahaya maupun logam berat dan mikrobiologi jenis-jenis mikroba yang menjadi penyebab keracunan,"" katanya, Senin (14/9/2026), dilansir dari TribunLombok.","Menurut Yogi, pemeriksaan membutuhkan waktu untuk memastikan kandungan zat yang terdapat dalam makanan maupun sampel yang diuji.",https://regional.kompas.com/read/2026/09/14/154750778/keracunan-mbg-di-lombok-tengah-bpom-uji-sampel-makanan-hasil-keluar,,,
L066,"Blora, 2025-11-26 - SMPN 1 Blora; SMP Katolik Blora; SMP Kristen Blora",Penyebab Ratusan Siswa di Blora Keracunan Menu MBG: Bakteri E. Coli,regional.kompas.com,2025-12-08,"BLORA, KOMPAS.com - Dinas Kesehatan Daerah (Dinkesda) Kabupaten Blora mengungkap penyebab 444 siswa SMP keracunan menu Makan Bergizi Gratis (MBG) berasal dari bakteri Escherichia coli.","Sekretaris Dinkesda Blora, Nur Betsia Bertawati, mengatakan hasil laboratorium menunjukkan makanan yang dikonsumsi 25 November 2025 mengandung bakteri tersebut.","""Berdasarkan hasil laboratorium bakteriologis air dan makanan, keracunan makanan disebabkan oleh bakteri E. coli yang terkandung di makanan,"" ujarnya di kantornya, Senin (8/12/2025).",https://regional.kompas.com/read/2025/12/08/201059378/penyebab-ratusan-siswa-di-blora-keracunan-menu-mbg-bakteri-e-coli,,,
L067,"Cianjur, 2026-01-27 - SDN Wargasari; TBA ( Tidak disebutkan)",Dinkes Cianjur investigasi mendalam terkait kasus keracunan siswa,antaranews.com,2026-02-02,"Cianjur (ANTARA) - Dinas Kesehatan Kabupaten Cianjur, Jawa Barat melakukan investigasi mendalam terkait kasus keracunan makanan yang menimpa ratusan siswa dalam program Makan Bergizi Gratis (MBG) di tiga kecamatan.","Kepala Dinkes Cianjur Made Setiawan di Cianjur, Senin, mengatakan hal tersebut dilakukan sambil menunggu hasil pemeriksaan sampel makanan dan muntahan yang diperkirakan baru keluar dalam dua pekan ke depan.","""Sampel sudah dibawa untuk mengetahui penyebab pasti keracunan, di mana durasi pemeriksaan hasil uji laboratorium diperkirakan memakan waktu tujuh hingga 14 hari,"" katanya.",https://www.antaranews.com/berita/5391386/dinkes-cianjur-investigasi-mendalam-terkait-kasus-keracunan-siswa,,,
L068,"Tana Toraja, 2026-09-02 - SMP Negeri 1 Makale; SMP Negeri 2 Makale",Menu MBG Ayam Bumbu Kuning Terkontaminasi Bakteri Pemicu Keracunan di Tator,detik.com,2026-09-11,"BPOM juga telah memeriksa sampel menu MBG berupa nasi putih, tempe mendoan, sayur tumis jagung, wortel, dan labu siam, serta ikan nila.",Hasil pemeriksaan makanan itu tidak mengandung zat kimia maupun mikrobiologi.,"""Secara alami sayur dan buah dapat mengandung nitrit dalam jumlah yang sangat kecil karena penyerapan nitrat dari tanah atau air yang kemudian diubah oleh aktivitas bakteri,"" ujarnya.",https://www.detik.com/sulsel/berita/d-8658445/menu-mbg-ayam-bumbu-kuning-terkontaminasi-bakteri-pemicu-keracunan-di-tator,,,
L069,"Bandung Barat, 2025-11-11 - SMP Bina Karya","Keracunan MBG di Bandung Barat Bertambah, Guru Ungkap Paket Makanan Datang Telat",bandung.kompas.com,2025-11-11,"Menurutnya, berdasarkan data dari Satuan Pelayanan Pemenuhan Gizi (SPPG) Yayasan Adiwidya Dedikasi Virajullah, jumlah penerima manfaat MBG di Kecamatan Ngamprah mencapai 2.447 orang.","Namun, hingga saat ini, baru siswa SMP Bina Karya yang melaporkan keluhan gejala mirip keracunan.","""Kami masih melakukan observasi dan menunggu hasil pemeriksaan laboratorium terhadap sampel makanan yang kami ambil hari ini,"" tambahnya.",https://bandung.kompas.com/read/2025/11/11/214647678/keracunan-mbg-di-bandung-barat-bertambah-guru-ungkap-paket-makanan-datang,,,
L070,"Bandung Barat, 2025-09-22 - SD Negeri Cipari; MTs Darul Fiqri; SMK Pembangunan Bandung Barat; TK Nurul Saadah; SMP Ciparai; SMK Karya Perj","Mengenal Senyawa Nitrit, Pemicu Keracunan MBG di Bandung Barat",health.detik.com,2025-10-05,"Meski jarang disangka, buah berair juga bisa jadi media tumbuh bakteri pengubah nitrat menjadi nitrit, terutama bila sudah dikupas, dipotong, lalu dibiarkan terbuka terlalu lama.","Hal inilah yang juga ditemukan pada kasus Bandung Barat, di mana sisa buah melon mengandung nitrit tinggi.",4.,https://health.detik.com/diet/d-8145435/mengenal-senyawa-nitrit-pemicu-keracunan-mbg-di-bandung-barat,,,
L071,"Cianjur, 2025-09-25 - SDN Taruna Bakti",Dinkes Cianjur pastikan kondisi siswa dan guru keracunan membaik,antaranews.com,2025-09-26,"Pihaknya mendata di Kabupaten Cianjur sudah lima kali terjadi keracunan usai menyantap menu Makan Bergizi Gratis (MBG) dengan jumlah siswa mencapai 165 orang dan di Kecamatan Cugenang sudah dua kali, sedangkan dari lima kasus baru beberapa hasil uji laboratorium yang sudah keluar.","Hasil pemeriksaan tidak ditemukan bakteriologis dalam makanan tersebut, sehingga perlu dilakukan pemeriksaan dari makanan lain yang sempat dikonsumsi siswa termasuk jajanan atau makanan yang dijual di lingkungan sekolah.","""Jadi, harus dilakukan pemeriksaan lain sebelum mereka keracunan karena dari sampel menu MBG yang diambil dan sampel muntahan berdasarkan hasil uji laboratorium tidak ditemukan bakteri yang menjadi penyebab keracunan,"" katanya.",https://www.antaranews.com/berita/5136365/dinkes-cianjur-pastikan-kondisi-siswa-dan-guru-keracunan-membaik,,,
L072,"Kutai Kartanegara, 2026-08-03 - SDN 025 Sebulu; SDN 003 Sebulu; MI (Spesifik tidak disebutkan); MTS (Spesifik tidak disebutkan)","EKSPOSKALTIM - Dugaan Keracunan Massal MBG di Kukar, Puluhan Pelajar Dilarikan ke Puskesmas",eksposkaltim.com,2026-08-03,"Koordinator Satgas MBG Kabupaten Kukar, Sunggono, mengatakan pemerintah daerah bersama Dinas Kesehatan dan pihak SPPG masih melakukan pendataan menyeluruh terkait insiden tersebut.","Selain itu, sampel makanan dan hasil pemeriksaan medis korban juga telah dikumpulkan untuk diuji di laboratorium.","""Sampai saat ini jajaran masih melengkapi data dan memantau secara langsung kondisi korban di lapangan.",https://eksposkaltim.com/berita-18043-dugaan-keracunan-massal-mbg-di-kukar-puluhan-pelajar-dilarikan-ke-puskesmas-.html,,,
L073,"Tasikmalaya, 2025-09-18 - SD Cikalong 1; PAUD di wilayah Cikalong; “beberapa sekolah lain” di Kecamatan Cikalong",Kasus Keracunan MBG di Tasikmalaya Bikin Geram,detik.com,2025-09-19,Pemerintah Kabupaten Tasikmalaya sudah membentuk satgas MBG.,Fungsinya untuk meminimalisir kejadian keracunan sampai penyalahgunaan.,"""Kita punya satgas MBG untuk awasi pelayanan, pemetaan wilayah layanan supaya tidk saling rebut.",https://www.detik.com/jabar/berita/d-8119763/kasus-keracunan-mbg-di-tasikmalaya-bikin-geram,,,
L074,"Aceh Utara, 2025-09-29 - SDN 6 Matangkuli","Usut Kasus Keracunan Siswa SD, Dinkes Aceh Utara Ambil Sampel Menu MBG",regional.kompas.com,2025-10-04,“Penyebab muntah tidak bisa dipastikan.,"Hasil darah rutin menunjukkan infeksi bakteri, jenis bakteri tidak diketahui karena tidak dilakukan pemeriksaan kultur darah,” terang Harry.","Sementara itu, Ketua Sarjana Penggerak Pembangunan Indonesia (SPPG) di SPPG Teupin Keubeu, Kecamatan Matangkuli, Aceh Utara, Teuku Saiful, menyebutkan mereka menunggu hasil pemeriksaan laboratorium dari Dinas Kesehatan Aceh Utara.",https://regional.kompas.com/read/2025/10/04/152251678/usut-kasus-keracunan-siswa-sd-dinkes-aceh-utara-ambil-sampel-menu-mbg,,,
L075,"Kendal, 2025-11-26 - SMPN 1 Kendal",Siswa SMP Keracunan MBG di Kendal Diduga gara-gara Pakcoi,news.detik.com,2025-11-27,"""Jadi sayur pakcoi itu sudah tidak layak disajikan dan dikonsumsi.","Hasilnya (nitrite) sudah di atas ambang batas, ambang batasnya itu 1 mg/l,"" sambung dia.",(idh/imk),https://news.detik.com/berita/d-8231320/siswa-smp-keracunan-mbg-di-kendal-diduga-gara-gara-pakcoi,,,
L076,"Malang, 2026-07-21 - SDN Kauman 1","Puluhan Siswa SDN Kauman 1 Malang Keracunan, Distribusi MBG Dihentikan usai Temuan E. coli | AFU.id",afu.id,2026-07-28,,"JAKARTA, AFU.ID — Distribusi Program Makan Bergizi Gratis (MBG) di SDN Kauman 1 Kota Malang dihentikan sementara setelah hasil uji laboratorium menemukan kandungan bakteri Escherichia coli (E. coli) pada salah satu menu yang disajikan kepada siswa.",Temuan tersebut muncul setelah puluhan siswa mengalami gangguan kesehatan akibat mengonsumsi makanan dari program MBG.,https://afu.id/nusantara/33-siswa-sdn-kauman-1-malang-keracunan-distribusi-mbg-dihentikan-usai-temuan-e-coli,,,
L077,"Parigi Moutong, 2025-09-25 - SMP Negeri 2 Taopa","Keracunan MBG di Sulawesi Tengah, 27 Siswa di Parigi Moutong Dirawat di RS",kompas.id,2025-09-25,"Sebanyak 27 siswa dilarikan ke rumah sakit terdekat saat mengalami pusing, mual, dan muntah seusai menyantap menu MBG.","Sebelumnya, pada Rabu (17/9/2025), keracunan menimpa 300-an pelajar di Banggai Kepulauan.","Kepala Polres Parigi Moutong Ajun Komisaris Besar Hendrawan mengatakan, pihaknya membuka penyelidikan awal dengan memeriksa petugas Satuan Pelayanan Pemenuhan Gizi (SPPG) dan mengamankan sampel makanan untuk selanjutnya diuji di laboratorium.",https://www.kompas.id/artikel/keracunan-mbg-di-sulawesi-tengah-27-siswa-di-parigi-moutong-dirawat-di-rs,,,
L078,"Karo, 2026-08-13 - SMP Negeri 3 Kabanjahe; SMP Swasta Bersama; SMAN 1 Berastagi; SMK Swasta Bersama; SMA Swasta Bersama","Keracunan MBG Karo, Hasil Lab Temukan E. coli, Staphylococcus, dan Bacillus cereus",medan.kompas.com,2026-09-09,"Nasi yang diambil dari sekolah positif mengandung Bacillus cereus, dencis saus dari sekolah mengandung Staphylococcus aureus, dan melon dari sekolah positif Escherichia coli atau E. coli.","Selain itu, Staphylococcus aureus ditemukan pada sampel muntahan salah seorang siswi.","Laboratorium menerima sampel pada Jumat (14/8/2026), sehari setelah kasus keracunan terjadi.",https://medan.kompas.com/read/2026/09/09/113452278/keracunan-mbg-karo-hasil-lab-temukan-e-coli-staphylococcus-dan-bacillus-cereus,,,
L079,"Gunungkidul, 2025-10-28 - SMPN 1 Saptosari; SMKN 1 Saptosari","695 Siswa di Gunungkidul Diduga Keracunan MBG, Bupati: Air Terindikasi Terpapar E. Coli",regional.kompas.com,2025-10-29,"Selain itu, Endah menyebut tentang air di lokasi yang informasinya sudah diperiksa beberapa waktu lalu, dan hasilnya terindikasi mengandung bakteri E. Coli.","""Tadi diindikasikan air dan sebagainya mengandung bakteri E. Coli.","Katanya, beberapa waktu lalu sudah dites.",https://regional.kompas.com/read/2025/10/29/163511678/695-siswa-di-gunungkidul-diduga-keracunan-mbg-bupati-air-terindikasi,,,
L080,"Banjarmasin, 2025-10-21 - SMPN 33 Banjarmasin","Bantah Siswanya Keracunan MBG, Kepala SMPN 33 Banjarmasin: Diare Bersamaan",detik.com,2025-10-21,"""Tidak ada yang keracunan MBG, mereka hanya diare secara bersamaan,"" tegas Sumiyati.","Mengenai penyebab diare yang muncul bersamaan pada anak, Sumiyati menjawab bahwa hal itu bisa saja didasari banyak faktor.","Di antaranya yakni akibat makanan yang dikonsumsi saat sarapan, atau ada yang mual-mual karena tidak sarapan di rumah.",https://www.detik.com/kalimantan/berita/d-8171442/bantah-siswanya-keracunan-mbg-kepala-smpn-33-banjarmasin-diare-bersamaan,,,
L081,"Lampung Timur, 2026-01-28 - Pondok Pesantren (Spesifik tidak disebutkan); SD (Spesifik tidak disebutkan); SMP (Spesifik tidak disebutkan)","Terjadi Lagi di Lamtim, Ratusan Anak Diduga Keracunan Usai Santap MBG - Media Lintas Timur News",medialintastimurnews.com,2026-01-29,Bahkan para guru dan saya sendiri juga merasakannya” ungkap salah satu Guru SMP di Sekolahan penerima MBG yang meminta identitasnya di rahasiakan.,"Lanjutnya, para guru dan siswa SMP tersebut mengaku bahwa saat menerima MBG pada hari Rabu siang salah satu menu lauk ayam goreng yang di suir dirasakan sudah basi.",“Ada satu siswa kami yang saat ini masih di rawat intensif karena keluhannya itu” tambah Guru tersebut.,https://medialintastimurnews.com/2026/01/29/terjadi-lagi-di-lamtim-ratusan-anak-diduga-keracunan-usai-santap-mbg/,,,
L082,"Cianjur, 2025-04-21 - MAN 1 Cianjur","Belasan Siswa Keracunan Diduga dari MBG, Bupati Cianjur Kaget dan Sedih",bandung.kompas.com,2025-04-22,"Para korban, yang mengalami gejala mual, muntah, dan diare, tengah mendapatkan perawatan medis intensif di Rumah Sakit Umum Daerah (RSUD) Sayang Cianjur.","""Jumlahnya belum bisa dipastikan karena masih ada korban yang berdatangan.","Tadi ada 12 siswa dari MAN 1 Cianjur dan beberapa lainnya dari SMP PGRI,"" kata Wahyu kepada wartawan di IGD RSUD Sayang Cianjur, Senin (21/4/2025) malam.",https://bandung.kompas.com/read/2025/04/22/073958478/belasan-siswa-keracunan-diduga-dari-mbg-bupati-cianjur-kaget-dan-sedih,,,
