kode,provinsi_kode,provinsi,nama,lat,lng,luas_km2,penduduk
11.01,11,Aceh,Kabupaten Aceh Selatan,3.2548016392931354,97.17411233973566,4174.211,239629
11.02,11,Aceh,Kabupaten Aceh Tenggara,3.473359853097982,97.81924348302599,4179.123,235589
11.03,11,Aceh,Kabupaten Aceh Timur,4.932736888548549,97.7838443591112,5409.158,461391
11.04,11,Aceh,Kabupaten Aceh Tengah,4.622057187598997,96.84566791108571,4468.417,232606
11.05,11,Aceh,Kabupaten Aceh Barat,4.15301021563362,96.1314406676852,2782.606,209220
11.06,11,Aceh,Kabupaten Aceh Besar,5.2973395526628515,95.61087103885502,2891.227,442987
11.07,11,Aceh,Kabupaten Pidie,5.367600459124008,95.95788011001953,3177.063,451076
11.08,11,Aceh,Kabupaten Aceh Utara,5.07571569194339,97.30262386768965,2705.045,641007
11.09,11,Aceh,Kabupaten Simeulue,2.4614125527223116,96.38037739836625,1828.851,96812
11.10,11,Aceh,Kabupaten Aceh Singkil,2.2710939677616295,97.81532536767888,NULL,140461
11.11,11,Aceh,Kabupaten Bireuen,5.207564894628741,96.72640339652622,1796.959,468696
11.12,11,Aceh,Kabupaten Aceh Barat Daya,3.7391033250335153,96.85150507428492,1882.054,156128
11.13,11,Aceh,Kabupaten Gayo Lues,3.993465184564387,97.32450169161383,5541.285,107506
11.14,11,Aceh,Kabupaten Aceh Jaya,4.624131830287506,95.61681174202448,3870.566,101407
11.15,11,Aceh,Kabupaten Nagan Raya,4.169426810266828,96.32437393884945,3523.283,181103
11.16,11,Aceh,Kabupaten Aceh Tamiang,4.301275755472272,98.04571548117825,2187.817,312061
11.17,11,Aceh,Kabupaten Bener Meriah,4.702762114549044,96.86195266768776,1907.399,181376
11.18,11,Aceh,Kabupaten Pidie Jaya,5.2288994377471605,96.24475688303401,938.868,166517
11.71,11,Aceh,Kota Banda Aceh,5.550049859538454,95.31782669652819,56.835,265310
11.72,11,Aceh,Kota Sabang,5.892656382959924,95.32111719653021,121.867,42793
11.73,11,Aceh,Kota Lhokseumawe,5.179363622042538,97.14894011186956,132.966,198705
11.74,11,Aceh,Kota Langsa,4.46948210581997,97.96644605234316,224.203,183914
11.75,11,Aceh,Kota Subulussalam,2.6707917619957486,97.99301166767994,1183.601,107185
12.01,12,Sumatera Utara,Kabupaten Tapanuli Tengah,1.684690341229827,98.82771720471466,2307.716,369482
12.02,12,Sumatera Utara,Kabupaten Tapanuli Utara,2.0218496600101576,98.96179136764661,3895.604,331475
12.03,12,Sumatera Utara,Kabupaten Tapanuli Selatan,1.519661925116435,99.30284312257872,4201.354,324565
12.04,12,Sumatera Utara,Kabupaten Nias,1.2417545046363359,97.64991802740695,902.599,147989
12.05,12,Sumatera Utara,Kabupaten Langkat,3.7426864805785707,98.44753521807361,6142.072,1120709
12.06,12,Sumatera Utara,Kabupaten Karo,3.110679693532461,98.5013348785831,2206.876,422495
12.07,12,Sumatera Utara,Kabupaten Deli Serdang,3.550718941711028,98.86644224023665,2581.482,2080408
12.08,12,Sumatera Utara,Kabupaten Simalungun,2.9653486091382972,98.86209969919715,4601.477,1004303
12.09,12,Sumatera Utara,Kabupaten Asahan,2.9881057835467244,99.61283578690154,3738.42,799451
12.10,12,Sumatera Utara,Kabupaten Labuhanbatu,2.070089999362207,99.85708629199812,NULL,513010
12.11,12,Sumatera Utara,Kabupaten Dairi,2.7479672571598934,98.31396934594967,2083.604,333335
12.12,12,Sumatera Utara,Kabupaten Toba,2.3318009358602985,99.05102147349844,2291.616,220508
12.13,12,Sumatera Utara,Kabupaten Mandailing Natal,0.7967262645602773,99.57880901075687,6546.567,501618
12.14,12,Sumatera Utara,Kabupaten Nias Selatan,0.5833773193046318,97.7778846860258,2531.59,369817
12.15,12,Sumatera Utara,Kabupaten Pakpak Bharat,2.541054180498141,98.32258850116699,1365.607,57280
12.16,12,Sumatera Utara,Kabupaten Humbang Hasundutan,2.250279290484845,98.79045401025103,2351.514,211022
12.17,12,Sumatera Utara,Kabupaten Samosir,2.5598708852610876,98.7223886458626,1850.035,149875
12.18,12,Sumatera Utara,Kabupaten Serdang Bedagai,3.4912650864166386,99.12592027625313,1949.978,696845
12.19,12,Sumatera Utara,Kabupaten Batu Bara,3.1717751880433394,99.4209807063729,888.676,474832
12.20,12,Sumatera Utara,Kabupaten Padang Lawas Utara,1.4945493942995707,99.61970881122626,NULL,273586
12.21,12,Sumatera Utara,Kabupaten Padang Lawas,1.0555897761779505,99.77552008687299,3914.413,271274
12.22,12,Sumatera Utara,Kabupaten Labuhanbatu Selatan,1.8682211662701844,100.04114555938138,3079.61,332459
12.23,12,Sumatera Utara,Kabupaten Labuhanbatu Utara,2.5628487863896083,99.65806864456648,3687.179,399306
12.24,12,Sumatera Utara,Kabupaten Nias Utara,1.389322425641782,97.38136186409508,1239.502,153338
12.25,12,Sumatera Utara,Kabupaten Nias Barat,0.9989625537417939,97.49525171290033,464.65,97526
12.71,12,Sumatera Utara,Kota Medan,3.5902455275064686,98.67497243281954,279.239,2546452
12.72,12,Sumatera Utara,Kota Pematangsiantar,2.956496281855757,99.06182098647018,75.919,279772
12.73,12,Sumatera Utara,Kota Sibolga,1.7460206351072023,98.77558765380772,12.645,100282
12.74,12,Sumatera Utara,Kota Tanjungbalai,2.9477544593720797,99.76671856261935,60.072,187939
12.75,12,Sumatera Utara,Kota Binjai,3.6029774611853127,98.48318146773616,93.77,315609
12.76,12,Sumatera Utara,Kota Tebing Tinggi,3.3275651079027178,99.16631751787298,39.17,184064
12.77,12,Sumatera Utara,Kota Padangsidimpuan,1.3776451726865724,99.27144601728223,159.298,231982
12.78,12,Sumatera Utara,Kota Gunungsitoli,1.2826405556021396,97.61346302920929,208.742,138297
13.01,13,Sumatera Barat,Kabupaten Pesisir Selatan,-1.3480157543827396,100.57771703088352,6045.676,533786
13.02,13,Sumatera Barat,Kabupaten Solok,-0.9515709623485049,100.621363864246,3590.404,413075
13.03,13,Sumatera Barat,Kabupaten Sijunjung,-0.6657814625085021,100.94461003602282,3150.58,247323
13.04,13,Sumatera Barat,Kabupaten Tanah Datar,-0.47436500293745626,100.62341833230498,1377.186,382674
13.05,13,Sumatera Barat,Kabupaten Padang Pariaman,-0.6209981455774217,100.30654186745963,1341.879,458310
13.06,13,Sumatera Barat,Kabupaten Agam,-0.3151932364711986,100.02965550313753,2225.34,533254
13.07,13,Sumatera Barat,Kabupaten Lima Puluh Kota,-0.1523939738781051,100.66073826825613,3273.405,402788
13.08,13,Sumatera Barat,Kabupaten Pasaman,0.14039088869184965,100.16698745256477,3902.444,313837
13.09,13,Sumatera Barat,Kabupaten Kepulauan Mentawai,-2.054155901765037,99.58047028483205,5973.917,97837
13.10,13,Sumatera Barat,Kabupaten Dharmasraya,-0.9529856017421708,101.4941127505854,2920.925,242192
13.11,13,Sumatera Barat,Kabupaten Solok Selatan,-1.55622109073616,101.23950314232809,3282.144,181525
13.12,13,Sumatera Barat,Kabupaten Pasaman Barat,0.11037800042690936,99.82778738745613,3851.883,454053
13.71,13,Sumatera Barat,Kota Padang,-0.8758770365307109,100.38728839371491,694.315,946982
13.72,13,Sumatera Barat,Kota Solok,-0.7994814749336137,100.65278211152693,58.72,85553
13.73,13,Sumatera Barat,Kota Sawahlunto,-0.6750372451200484,100.76750125689844,231.945,68559
13.74,13,Sumatera Barat,Kota Padang Panjang,-0.4621189750496027,100.39039860910817,23.56,63895
13.75,13,Sumatera Barat,Kota Bukittinggi,-0.2854652709845979,100.36780701021121,24.173,141804
13.76,13,Sumatera Barat,Kota Payakumbuh,-0.22251750962688782,100.63197810693005,74.552,149077
13.77,13,Sumatera Barat,Kota Pariaman,-0.6289899582270029,100.1377134437062,64.626,103835
14.01,14,Riau,Kabupaten Kampar,0.3138917999795952,101.01798894984739,10352.803,898973
14.02,14,Riau,Kabupaten Indragiri Hulu,-0.39300278228698865,102.43757196516648,7871.85,487039
14.03,14,Riau,Kabupaten Bengkalis,1.4731922402874156,102.11333539019962,8604.179,681884
14.04,14,Riau,Kabupaten Indragiri Hilir,-0.3151906894045306,103.15785004555477,13518.47,713294
14.05,14,Riau,Kabupaten Pelalawan,0.38378706324101214,101.8419575583448,13256.104,446439
14.06,14,Riau,Kabupaten Rokan Hulu,0.8997093117054642,100.30741018024709,7658.149,586994
14.07,14,Riau,Kabupaten Rokan Hilir,2.0994939613474934,100.81765082131788,9068.605,688073
14.08,14,Riau,Kabupaten Siak,0.8045392202011306,102.02031850446771,7803.566,495760
14.09,14,Riau,Kabupaten Kuantan Singingi,-0.5053008502336358,101.53807726174774,5457.863,365989
14.10,14,Riau,Kabupaten Kepulauan Meranti,1.0007034465615983,102.72568179719613,NULL,211997
14.71,14,Riau,Kota Pekanbaru,0.5134188210148788,101.44702176089957,638.331,1167599
14.72,14,Riau,Kota Dumai,1.605410676514873,101.39165976395793,2061.463,355256
15.01,15,Jambi,Kabupaten Kerinci,-2.057362540443507,101.3884655651427,3445.196,268951
15.02,15,Jambi,Kabupaten  Merangin,-2.060060712192705,102.27432945279186,7540.118,397461
15.03,15,Jambi,Kabupaten Sarolangun,-2.3132156092521274,102.75041232450403,5935.894,313097
15.04,15,Jambi,Kabupaten Batanghari,-1.6936093136328045,103.27299563039578,5453.689,307361
15.05,15,Jambi,Kabupaten  Muaro Jambi,-1.4482512111723946,103.51549566092164,5159.623,457238
15.06,15,Jambi,Kabupaten Tanjung Jabung Barat,-0.8267010584857123,103.46121376201233,5544.567,336978
15.07,15,Jambi,Kabupaten Tanjung Jabung Timur,-1.2062288175283662,103.79042841792285,4544.575,244905
15.08,15,Jambi,Kabupaten Bungo,-1.5163157015353335,102.11868862402379,4760.827,380027
15.09,15,Jambi,Kabupaten Tebo,-1.4662159218571826,102.35827578475197,6103.737,376541
15.71,15,Jambi,Kota Jambi,-1.6305013396917745,103.60727024612254,169.887,649656
15.72,15,Jambi,Kota Sungai Penuh,-2.070909819809651,101.39607811491697,364.924,102224
16.01,16,Sumatera Selatan,Kabupaten Ogan Komering Ulu,-4.165710009351137,104.19777124067642,3774.497,390048
16.02,16,Sumatera Selatan,Kabupaten Ogan Komering,-3.4116461216612666,104.82302047600152,17075.713,801059
16.03,16,Sumatera Selatan,Kabupaten Muara Enim,-3.6556303086592794,103.77700425898033,6763.912,653731
16.04,16,Sumatera Selatan,Kabupaten Lahat,-3.7781858650486404,103.55048129479607,4333.065,448141
16.05,16,Sumatera Selatan,Kabupaten Musi Rawas,-3.243507659535636,103.01158628091243,6122.588,427723
16.06,16,Sumatera Selatan,Kabupaten Musi Banyuasin,-2.8888428202148733,103.84022898155693,14550.788,736897
16.07,16,Sumatera Selatan,Kabupaten Banyuasin,-2.91681146820806,104.40664162434949,12258.593,888324
16.08,16,Sumatera Selatan,Kabupaten Ogan Komering Ulu Timur,-4.368780840384969,104.35844673228776,3412.716,694832
16.09,16,Sumatera Selatan,Kabupaten Ogan Komering Ulu Selatan,-4.532324222637718,104.09536192072122,4369.252,406938
16.10,16,Sumatera Selatan,Kabupaten Ogan Ilir,-3.2605839796212193,104.65253470549459,2302.858,446020
16.11,16,Sumatera Selatan,Kabupaten Empat Lawang,-3.609843671060275,103.10276373795163,2234.097,336783
16.12,16,Sumatera Selatan,Kabupaten Penukal Abab Lematang Ilir,-3.3098740053582287,103.88405107482733,1842.563,214795
16.13,16,Sumatera Selatan,Kabupaten Musi Rawas Utara,-2.734689531152489,102.90112671236449,5937.803,203688
16.71,16,Sumatera Selatan,Kota Palembang,-2.991046172915815,104.75675098698375,352.523,1801367
16.72,16,Sumatera Selatan,Kota Pagar Alam,-4.039321642834122,103.19702046655082,625.913,153271
16.73,16,Sumatera Selatan,Kota Lubuk Linggau,-3.3258415506679007,102.82538716626468,367.726,247550
16.74,16,Sumatera Selatan,Kota Prabumulih,-3.3689384034331873,104.30842635256347,447.311,213523
17.01,17,Bengkulu,Kabupaten Bengkulu Selatan,-4.439935303062977,102.89520237885483,1219.063,177137
17.02,17,Bengkulu,Kabupaten Rejang Lebong,-3.4779639096664248,102.53188572612797,1559.419,288582
17.03,17,Bengkulu,Kabupaten Bengkulu Utara,-3.436858034706668,102.2017863093631,4478.107,309773
17.04,17,Bengkulu,Kabupaten Kaur,-4.7591102206280205,103.34909985473034,2607.839,136533
17.05,17,Bengkulu,Kabupaten Seluma,-4.077629925945562,102.55625381723668,2432.088,216028
17.06,17,Bengkulu,Kabupaten Mukomuko,-2.5527631166770415,101.10421399515411,4137.52,205602
17.07,17,Bengkulu,Kabupaten Lebong,-3.1574485628093467,102.18284672681582,1666.621,115520
17.08,17,Bengkulu,Kabupaten Kepahiang,-3.6251092126391558,102.55634520967017,738.965,151910
17.09,17,Bengkulu,Kabupaten Bengkulu Tengah,-3.7728554135369468,102.3899904291284,1132.405,126339
17.71,17,Bengkulu,Kota Bengkulu,-3.792845099999999,102.26076409999996,150.183,400533
18.01,18,Lampung,Kabupaten Lampung Selatan,-5.717676069034854,105.58534802478252,2227.357,1124683
18.02,18,Lampung,Kabupaten Lampung Tengah,-4.977246742581951,105.21014035161986,4559.57,1394395
18.03,18,Lampung,Kabupaten Lampung Utara,-4.8291901217543,104.88744459932492,2669.304,675626
18.04,18,Lampung,Kabupaten Lampung Barat,-5.018974596354066,104.06076281355635,2110.101,313756
18.05,18,Lampung,Kabupaten Tulang Bawang,-4.494996749237475,105.22021203836975,3118.613,440040
18.06,18,Lampung,Kabupaten Tanggamus,-5.480674664821914,104.68229977472107,2947.187,641036
18.07,18,Lampung,Kabupaten Lampung Timur,-5.048183264548101,105.52825470212977,3860.546,1122605
18.08,18,Lampung,Kabupaten Way Kanan,-4.506182074363012,104.51131397505866,3522.114,495058
18.09,18,Lampung,Kabupaten Pesawaran,-5.397533024693423,105.07010811310506,1286.843,501047
18.10,18,Lampung,Kabupaten Pringsewu,-5.344241935909573,105.00640245995234,617.192,444834
18.11,18,Lampung,Kabupaten Mesuji,-3.873162785665348,105.42787851469521,2200.414,241280
18.12,18,Lampung,Kabupaten Tulang Bawang Barat,-4.499407459058168,105.11989991165247,1257.088,312516
18.13,18,Lampung,Kabupaten Pesisir Barat,-5.188425335364648,103.93458368482928,2937.496,177430
18.71,18,Lampung,Kota Bandar Lampung,-5.429579213794452,105.26256765111627,183.719,1077664
18.72,18,Lampung,Kota Metro,-5.113688728188825,105.30690431111174,73.214,182293
19.01,19,Kepulauan Bangka Belitung,Kabupaten Bangka,-1.8873108002346788,106.10482719651391,3011.435,337755
19.02,19,Kepulauan Bangka Belitung,Kabupaten Belitung,-2.742308350486171,107.65431549651602,2266.107,192405
19.03,19,Kepulauan Bangka Belitung,Kabupaten Bangka Selatan,-3.019747321507955,106.5117467118603,3595.446,216079
19.04,19,Kepulauan Bangka Belitung,Kabupaten Bangka Tengah,-2.515349261743928,106.41589404069474,2253.854,210684
19.05,19,Kepulauan Bangka Belitung,Kabupaten Bangka Barat,-2.0586102945536235,105.20138132535004,2853.411,217859
19.06,19,Kepulauan Bangka Belitung,Kabupaten Belitung Timur,-2.883346486095607,108.23930392535223,2585.734,132495
19.71,19,Kepulauan Bangka Belitung,Kota Pangkal Pinang,-2.1409794439689436,106.11591390259511,104.238,242285
21.01,21,Kepulauan Riau,Kabupaten Bintan,1.0867044293599752,104.50214506989914,1311.868,180404
21.02,21,Kepulauan Riau,Kabupaten Karimun,1.032978125457723,103.37578135747897,916.331,273946
21.03,21,Kepulauan Riau,Kabupaten Natuna,3.923444039666034,108.3369318453504,1978.01,84325
21.04,21,Kepulauan Riau,Kabupaten Lingga,-0.2099928734471007,104.60465899766058,2173.63,101039
21.05,21,Kepulauan Riau,Kabupaten Kepulauan Anambas,3.2145458693401,106.24870240264536,620.622,50922
21.71,21,Kepulauan Riau,Kota Batam,1.1287452751793037,104.05533324230443,1020.28,1342038
21.72,21,Kepulauan Riau,Kota Tanjung Pinang,0.9653429680491279,104.44098650588683,149.634,239216
31.01,31,Daerah Khusus Ibukota Jakarta,Kabupaten Administrasi Kepulauan Seribu,-5.746480997815013,106.61316002536523,10.951,30334
31.71,31,Daerah Khusus Ibukota Jakarta,Kota Administrasi Jakarta Pusat,-6.172913263118424,106.81869625420377,47.565,1057270
31.72,31,Daerah Khusus Ibukota Jakarta,Kota Administrasi Jakarta Utara ,-6.1200283357159915,106.89249513885989,147.534,1832032
31.73,31,Daerah Khusus Ibukota Jakarta,Kota Administrasi Jakarta Barat,-6.184334501192923,106.73662053886034,125,2556752
31.74,31,Daerah Khusus Ibukota Jakarta,Kota Administrasi Jakarta Selatan,-6.247775007302514,106.80763679653259,144.942,2331411
31.75,31,Daerah Khusus Ibukota Jakarta,Kota Administrasi Jakarta Timur,-6.2136855478344994,106.9440075965323,185.538,3230417
32.01,32,Jawa Barat,Kabupaten Bogor,-6.479478948089524,106.82471731002641,2991.778,5809790
32.02,32,Jawa Barat,Kabupaten Sukabumi,-6.989164614549726,106.55022261003006,4163.824,2868943
32.03,32,Jawa Barat,Kabupaten Cianjur,-6.822746173673224,107.1394835830441,3631.969,2638825
32.04,32,Jawa Barat,Kabupaten Bandung,-7.021854779311784,107.52755122537383,1740.843,3839721
32.05,32,Jawa Barat,Kabupaten Garut,-7.202671667220667,107.88606805421097,3101.132,2851877
32.06,32,Jawa Barat,Kabupaten Tasikmalaya,-7.361038703594784,108.11307619839148,2706.972,1996059
32.07,32,Jawa Barat,Kabupaten Ciamis,-7.325899103457777,108.3514012468077,1595.936,1297783
32.08,32,Jawa Barat,Kabupaten Kuningan,-6.975864860855258,108.48310462537334,1193.449,1239999
32.09,32,Jawa Barat,Kabupaten Cirebon,-6.764528033189753,108.47861955420773,1073.772,2489046
32.10,32,Jawa Barat,Kabupaten Majalengka,-6.836270833744539,108.22755549468556,1331.553,1369569
32.11,32,Jawa Barat,Kabupaten Sumedang,-6.86120394309925,107.92061689653679,1566.204,1226660
32.12,32,Jawa Barat,Kabupaten Indramayu,-6.327080208332331,108.32320909838413,2076.266,1980080
32.13,32,Jawa Barat,Kabupaten Subang,-6.571294853262137,107.76235318119123,2168.909,1677628
32.14,32,Jawa Barat,Kabupaten Purwakarta,-6.556211845847212,107.44125672537048,993.092,1063932
32.15,32,Jawa Barat,Kabupaten Karawang,-6.301616343281738,107.30488191002529,1916.056,2612065
32.16,32,Jawa Barat,Kabupaten Bekasi,-6.247446600000001,107.14845209999999,1255.001,3387601
32.17,32,Jawa Barat,Kabupaten Bandung Barat,-6.865221399999999,107.49197670000001,1283.439,1911661
32.18,32,Jawa Barat,Kabupaten Pangandaran,-7.615061099999999,108.49882690000004,1128.122,447272
32.71,32,Jawa Barat,Kota Bogor,-6.595057464978462,106.79411231002724,111.366,1144108
32.72,32,Jawa Barat,Kota Sukabumi,-6.917619028189996,106.93185683886544,48.314,370096
32.73,32,Jawa Barat,Kota Bandung,-6.910655826355507,107.60986952537303,166.593,2591763
32.74,32,Jawa Barat,Kota Cirebon,-6.706735309782623,108.55824665420744,39.398,356629
32.75,32,Jawa Barat,Kota Bekasi,-6.2360139577925855,106.9942480407117,213.036,2572209
32.76,32,Jawa Barat,Kota Depok,-6.394166132635422,106.8226891965335,199.906,2010912
32.77,32,Jawa Barat,Kota Cimahi,-6.870807159364418,107.55515922352156,42.432,581994
32.78,32,Jawa Barat,Kota Tasikmalaya,-7.316053133091321,108.19701389654014,182.964,770839
32.79,32,Jawa Barat,Kota Banjar,-7.362161223560727,108.55958988304805,131.005,209317
33.01,33,Jawa Tengah,Kabupaten Cilacap,-7.725598913851234,109.00953989681535,2325.173,2059748
33.02,33,Jawa Tengah,Kabupaten Banyumas,-7.4227990604767795,109.23008333914095,1391.153,1868446
33.03,33,Jawa Tengah,Kabupaten Purbalingga,-7.388814420295788,109.3640761679762,805.757,1057750
33.04,33,Jawa Tengah,Kabupaten Banjarnegara,-7.395695390770286,109.69606973623053,1144.896,1071977
33.05,33,Jawa Tengah,Kabupaten Kebumen,-7.668443736529897,109.65371583117799,1333.902,1446833
33.06,33,Jawa Tengah,Kabupaten Purworejo,-7.713974600894097,110.00829855421505,1081.763,809651
33.07,33,Jawa Tengah,Kabupaten Wonosobo,-7.358331142315653,109.90516253886881,1011.623,945955
33.08,33,Jawa Tengah,Kabupaten Magelang,-7.596984026372694,110.22353113036982,1129.983,1345662
33.09,33,Jawa Tengah,Kabupaten Boyolali,-7.545656104163497,110.61059579654192,1096.613,1114070
33.10,33,Jawa Tengah,Kabupaten Klaten,-7.712385036340197,110.59213566770745,701.511,1302648
33.11,33,Jawa Tengah,Kabupaten Sukoharjo,-7.664598872152095,110.83586765421464,493.601,916472
33.12,33,Jawa Tengah,Kabupaten Wonogiri,-7.815058364755334,110.9256844677081,1905.823,1057495
33.13,33,Jawa Tengah,Kabupaten Karanganyar,-7.595516965884652,110.93964029654224,802.848,953696
33.14,33,Jawa Tengah,Kabupaten Sragen,-7.426354762546872,111.02317943886926,994.573,1023538
33.15,33,Jawa Tengah,Kabupaten Grobogan,-7.082058555310319,110.91737159653837,2023.849,1520974
33.16,33,Jawa Tengah,Kabupaten Blora,-6.969718505731454,111.41492279653751,1957.289,927961
33.17,33,Jawa Tengah,Kabupaten Rembang,-6.703466029933058,111.34262144071498,1038.32,665501
33.18,33,Jawa Tengah,Kabupaten Pati,-6.75222674353357,111.03994759653601,1576.69,1385904
33.19,33,Jawa Tengah,Kabupaten Kudus,-6.805651710957646,110.84219531187978,447.445,877821
33.20,33,Jawa Tengah,Kabupaten Jepara,-6.59009446252794,110.66812971187831,1020.124,1283687
33.21,33,Jawa Tengah,Kabupaten Demak,-6.891354614610146,110.63838933886524,970.077,1254204
33.22,33,Jawa Tengah,Kabupaten Semarang,-7.128957393445669,110.40409099653884,1019.27,1088729
33.23,33,Jawa Tengah,Kabupaten Temanggung,-7.315316457103409,110.18189242537592,864.834,822880
33.24,33,Jawa Tengah,Kabupaten Kendal,-6.922836880283628,110.20356709653716,1006.174,1094214
33.25,33,Jawa Tengah,Kabupaten Batang,-6.910710871962525,109.72968238304469,857.073,855878
33.26,33,Jawa Tengah,Kabupaten Pekalongan,-7.0250357325518875,109.59114532537376,892.578,1034241
33.27,33,Jawa Tengah,Kabupaten Pemalang,-6.893151410423199,109.38071935420861,1135.757,1601007
33.28,33,Jawa Tengah,Kabupaten Tegal,-6.995407828046843,109.12789492537367,983.713,1745278
33.29,33,Jawa Tengah,Kabupaten Brebes,-6.870110551867783,109.03921083886512,1754.77,2066426
33.71,33,Jawa Tengah,Kota Magelang,-7.50371096633142,110.22147082537745,18.558,128709
33.72,33,Jawa Tengah,Kota Surakarta,-7.569260552279098,110.82945951003452,46.802,589242
33.73,33,Jawa Tengah,Kota Salatiga,-7.33043714839692,110.5008298965402,54.983,198971
33.74,33,Jawa Tengah,Kota Semarang,-6.98167961659711,110.4122341695528,374.747,1702379
33.75,33,Jawa Tengah,Kota Pekalongan,-6.896949717498735,109.66208089653703,46.076,318221
33.76,33,Jawa Tengah,Kota Tegal,-6.8704087484501155,109.13741611002918,39.08,294477
34.01,34,Daerah Istimewa Yogyakarta,Kabupaten Kulon Progo,-7.857808676282555,110.15916128305197,576.803,444994
34.02,34,Daerah Istimewa Yogyakarta,Kabupaten Bantul,-7.886189837551494,110.3278379965447,511.527,980269
34.03,34,Daerah Istimewa Yogyakarta,Kabupaten Gunungkidul,-7.964079635059824,110.6015380965454,1475.465,776926
34.04,34,Daerah Istimewa Yogyakarta,Kabupaten Sleman,-7.71654673418279,110.35577266770737,573.749,1125571
34.71,34,Daerah Istimewa Yogyakarta,Kota Yogyakarta,-7.799905025562796,110.39137075421564,32.819,415605
35.01,35,Jawa Timur,Kabupaten Pacitan,-8.194484702033753,111.10316522606453,1434.818,588718
35.02,35,Jawa Timur,Kabupaten Ponorogo,-7.870873802089809,111.46254871373611,1418.618,979008
35.03,35,Jawa Timur,Kabupaten Trenggalek,-8.047910064122286,111.70915082348205,1249.367,753810
35.04,35,Jawa Timur,Kabupaten Tulungagung,-8.064364715839401,111.90068000547873,1144.856,1139224
35.05,35,Jawa Timur,Kabupaten Blitar,-8.12393088642822,112.21307421019162,1745.383,1261699
35.06,35,Jawa Timur,Kabupaten Kediri,-7.80216489245253,112.04111356733358,1523.563,1691976
35.07,35,Jawa Timur,Kabupaten Malang,-8.105459029077382,112.57329134091296,3473.747,2734623
35.08,35,Jawa Timur,Kabupaten Lumajang,-8.135206153280906,113.2243946381578,1796.489,1116231
35.09,35,Jawa Timur,Kabupaten Jember,-8.169670975121788,113.70215105421875,3314.358,2615874
35.10,35,Jawa Timur,Kabupaten Banyuwangi,-8.223037204830721,114.36643523941463,3593.849,1791789
35.11,35,Jawa Timur,Kabupaten Bondowoso,-7.914444581620128,113.82185071188832,1554.992,788007
35.12,35,Jawa Timur,Kabupaten Situbondo,-7.707340624354634,114.00177518305065,1654.705,691635
35.13,35,Jawa Timur,Kabupaten Probolinggo,-7.761818744749144,113.41597252537957,1725.171,1200931
35.14,35,Jawa Timur,Kabupaten Pasuruan,-7.64901246028997,112.90515909654273,1493.161,1665922
35.15,35,Jawa Timur,Kabupaten Sidoarjo,-7.447173306341014,112.71807833886932,724.766,2027874
35.16,35,Jawa Timur,Kabupaten Mojokerto,-7.462844394027845,112.43341998304892,984.38,1156144
35.17,35,Jawa Timur,Kabupaten Jombang,-7.556402096019785,112.23460958304962,1109.835,1378005
35.18,35,Jawa Timur,Kabupaten Nganjuk,-7.601982862041979,111.90189545421411,1289.067,1152575
35.19,35,Jawa Timur,Kabupaten Madiun,-7.538540959979179,111.6534826499319,1113.627,737875
35.20,35,Jawa Timur,Kabupaten Magetan,-7.656157297486492,111.32926865421445,706.444,692800
35.21,35,Jawa Timur,Kabupaten Ngawi,-7.401286050830588,111.44544266770494,1395.804,907002
35.22,35,Jawa Timur,Kabupaten Bojonegoro,-7.149935359747551,111.88154262537478,2312.627,1366227
35.23,35,Jawa Timur,Kabupaten Tuban,-6.8961044097904685,112.06506272537278,1973.515,1266396
35.24,35,Jawa Timur,Kabupaten Lamongan,-7.1210348508171615,112.41543434071801,1752.989,1367503
35.25,35,Jawa Timur,Kabupaten Gresik,-7.170587571783878,112.59967629653906,1264.009,1327497
35.26,35,Jawa Timur,Kabupaten Bangkalan,-7.046392499923124,112.73706719653809,1302.64,1042031
35.27,35,Jawa Timur,Kabupaten Sampang,-7.1875353391978205,113.23734031169953,1229.165,1033926
35.28,35,Jawa Timur,Kabupaten Pamekasan,-7.156884154270928,113.47188259653895,796.241,904965
35.29,35,Jawa Timur,Kabupaten Sumenep,-7.014033429943415,113.86352599653785,2083.048,1143002
35.71,35,Jawa Timur,Kota Kediri,-7.8121941506978585,112.0142841830517,67.232,301424
35.72,35,Jawa Timur,Kota Blitar,-8.099174292311863,112.1645539118899,33.203,161204
35.73,35,Jawa Timur,Kota Malang,-7.977788119311085,112.6338358100378,111.077,889359
35.74,35,Jawa Timur,Kota Probolinggo,-7.75367770292879,113.21423953887185,55.197,243746
35.75,35,Jawa Timur,Kota Pasuruan,-7.647370692892007,112.90855041188624,39.109,213469
35.76,35,Jawa Timur,Kota Mojokerto,-7.4628151554153925,112.43344588575034,20.48,142272
35.77,35,Jawa Timur,Kota Madiun,-7.624396873185385,111.52064916955761,36.126,201733
35.78,35,Jawa Timur,Kota Surabaya,-7.258891323638141,112.74703888119626,338.048,3018022
35.79,35,Jawa Timur,Kota Batu,-7.862516051170755,112.5133531677289,194.17,225408
36.01,36,Banten,Kabupaten Pandeglang,-6.316855430513631,106.11479446982028,2771.488,1437046
36.02,36,Banten,Kabupaten Lebak,-6.3607670885178305,106.24618699653327,3312.298,1531564
36.03,36,Banten,Kabupaten Tangerang,-6.269630455565761,106.48440474071201,1028.335,3459706
36.04,36,Banten,Kabupaten Serang,-6.115302501045602,106.15201508303925,1471.543,1791795
36.71,36,Banten,Kota Tangerang,-6.164361554952064,106.64107113819723,178.347,1957349
36.72,36,Banten,Kota Cilegon,-6.00980901882699,106.04212868303857,162.578,480378
36.73,36,Banten,Kota Serang,-6.1196975739996,106.17346069838267,266.314,759929
36.74,36,Banten,Kota Tangerang Selatan,-6.321567965040671,106.70774205743535,164.86,1463607
51.01,51,Bali,Kabupaten Jembrana,-8.357300895935373,114.6369005100411,847.515,330221
51.02,51,Bali,Kabupaten Tabanan,-8.539497666397425,115.13103226771442,848.539,478393
51.03,51,Bali,Kabupaten Badung,-8.601920881989042,115.17914542538679,397.395,537739
51.04,51,Bali,Kabupaten Gianyar,-8.540851437717537,115.32410958305795,363.782,504845
51.05,51,Bali,Kabupaten Klungkung,-8.534402013006794,115.40297954072949,312.115,223723
51.06,51,Bali,Kabupaten Bangli,-8.461762702253463,115.35247721644086,526.764,260526
51.07,51,Bali,Kabupaten Karangasem,-8.438846951802109,115.61223348305695,838.899,538390
51.08,51,Bali,Kabupaten Buleleng,-8.12516022356895,115.09284902538256,1322.124,828156
51.71,51,Bali,Kota Denpasar,-8.654458853264748,115.21653329890924,125.694,673270
52.01,52,Nusa Tenggara Barat,Kabupaten Lombok Barat,-8.681396051887829,116.13670528305914,919.44,762757
52.02,52,Nusa Tenggara Barat,Kabupaten Lombok Tengah,-8.706131863466181,116.27003418305937,1167.029,1128716
52.03,52,Nusa Tenggara Barat,Kabupaten Lombok Timur,-8.650938604217814,116.52965363887955,1602.377,1457591
52.04,52,Nusa Tenggara Barat,Kabupaten Sumbawa,-8.489511525311054,117.4196890006745,6645.723,527715
52.05,52,Nusa Tenggara Barat,Kabupaten Dompu,-8.534112083030623,118.46474902538593,2270.36,277837
52.06,52,Nusa Tenggara Barat,Kabupaten Bima,-8.556532639441706,118.67015779690297,4208.861,543582
52.07,52,Nusa Tenggara Barat,Kabupaten Sumbawa Barat,-8.753910149465758,116.85426539840077,1739.564,156059
52.08,52,Nusa Tenggara Barat,Kabupaten Lombok Utara,-8.35633546555901,116.15926985422034,810.185,269989
52.71,52,Nusa Tenggara Barat,Kota Mataram,-8.582728859362096,116.10813842538651,60.063,461936
52.72,52,Nusa Tenggara Barat,Kota Bima,-8.461655165060522,118.74871988305718,208.389,165113
53.01,53,Nusa Tenggara Timur,Kabupaten Kupang,-10.072767460089674,123.86446322540102,5130.659,391539
53.02,53,Nusa Tenggara Timur,Kabupaten Timor Tengah Selatan,-9.851780619986599,124.26648135633013,3931.747,490642
53.03,53,Nusa Tenggara Timur,Kabupaten Timor Tengah Utara,-9.456934944114428,124.47508769420945,2622.293,276032
53.04,53,Nusa Tenggara Timur,Kabupaten Belu,-9.105891366920305,124.87357678138326,1126.77,232788
53.05,53,Nusa Tenggara Timur,Kabupaten Alor,-8.209309443192296,124.5734638597916,2918.753,229730
53.06,53,Nusa Tenggara Timur,Kabupaten Flores Timur,-8.326454792692857,123.00311081827232,1741.064,289881
53.07,53,Nusa Tenggara Timur,Kabupaten Sikka,-8.616591300597133,122.2080821234478,1669.713,346614
53.08,53,Nusa Tenggara Timur,Kabupaten Ende,-8.84344514400059,121.66223033425577,2084.076,283806
53.09,53,Nusa Tenggara Timur,Kabupaten Ngada,-8.785172765189195,120.97473007615979,1736.735,169445
53.10,53,Nusa Tenggara Timur,Kabupaten Manggarai,-8.611446513623472,120.4642990196421,1343.335,349836
53.11,53,Nusa Tenggara Timur,Kabupaten Sumba Timur,-9.660787895234368,120.26131862254613,6975.198,277290
53.12,53,Nusa Tenggara Timur,Kabupaten Sumba Barat,-9.647321540554708,119.39400717233693,755.836,141760
53.13,53,Nusa Tenggara Timur,Kabupaten Lembata,-8.359888246008067,123.45924285276752,1263.767,149921
53.14,53,Nusa Tenggara Timur,Kabupaten Rote Ndao,-10.75780320710065,123.06259078628618,1277.256,154027
53.15,53,Nusa Tenggara Timur,Kabupaten Manggarai Barat,-8.495964947540392,119.89429877413119,3120.028,290688
53.16,53,Nusa Tenggara Timur,Kabupaten Nagekeo,-8.575463250173927,121.28112874980738,1397.969,164457
53.17,53,Nusa Tenggara Timur,Kabupaten Sumba Tengah,-9.62267937221953,119.60043476625835,1786.436,92138
53.18,53,Nusa Tenggara Timur,Kabupaten Sumba Barat Daya,-9.391735416331608,119.18099193903856,1381.943,355022
53.19,53,Nusa Tenggara Timur,Kabupaten Manggarai Timur,-8.749471050872256,120.60861905890188,2389.499,305268
53.20,53,Nusa Tenggara Timur,Kabupaten Sabu Raijua,-10.452783457995888,121.87803338600901,457.14,94860
53.21,53,Nusa Tenggara Timur,Kabupaten Malaka,-9.444597244521727,124.91757971876395,1109.003,210908
53.71,53,Nusa Tenggara Timur,Kota Kupang,-10.15389633793275,123.61939014385608,158.885,404120
61.01,61,Kalimantan Barat,Kabupaten Sambas,1.3610923732904279,109.3285001118564,5928.221,651246
61.02,61,Kalimantan Barat,Kabupaten Mempawah,0.3507375156189089,108.96247645418383,1934.827,314148
61.03,61,Kalimantan Barat,Kabupaten Sanggau,0.12348442018479931,110.59604636952717,12452.224,499074
61.04,61,Kalimantan Barat,Kabupaten Ketapang,-1.8442282167132769,109.97893875233444,30012.023,583541
61.05,61,Kalimantan Barat,Kabupaten Sintang,0.0786531223680243,111.49548392534787,22025.788,457204
61.06,61,Kalimantan Barat,Kabupaten Kapuas Hulu,0.8792574508162577,112.92539148302002,31318.246,276988
61.07,61,Kalimantan Barat,Kabupaten Bengkayang,0.8691040170174341,109.49749129836343,5488.322,295966
61.08,61,Kalimantan Barat,Kabupaten Landak,0.37478897210209017,109.9382701253479,8430.711,415033
61.09,61,Kalimantan Barat,Kabupaten Sekadau,0.007190078560764424,110.95471874069129,5979.044,225494
61.10,61,Kalimantan Barat,Kabupaten Melawi,-0.3769284988267002,111.7643663695273,10122.513,217600
61.11,61,Kalimantan Barat,Kabupaten Kayong Utara,-1.253324768640413,109.95437986952808,4108.533,126898
61.12,61,Kalimantan Barat,Kabupaten Kubu Raya,-0.12685886609816646,109.40395645418373,8549.057,646091
61.71,61,Kalimantan Barat,Kota Pontianak,-0.022086396871511572,109.3381039118554,118.209,687031
61.72,61,Kalimantan Barat,Kota Singkawang,0.904786196799786,108.97740501185594,550.345,249954
62.01,62,Kalimantan Tengah,Kabupaten Kotawaringin Barat,-2.6922174879548355,111.63434121272037,9475.854,294602
62.02,62,Kalimantan Tengah,Kabupaten Kotawaringin Timur,-2.537536373508974,112.94101118060833,15541.88,454515
62.03,62,Kalimantan Tengah,Kabupaten Kapuas,-2.9644660187868714,114.4161336148058,17033.54,417854
62.04,62,Kalimantan Tengah,Kabupaten Barito Selatan,-1.718998796838818,114.84513147281662,6267.084,137914
62.05,62,Kalimantan Tengah,Kabupaten Barito Utara,-0.9520746870429637,114.89845405524693,9984.808,159848
62.06,62,Kalimantan Tengah,Kabupaten Katingan,-1.8807186625388674,113.39917637503677,20380.503,181963
62.07,62,Kalimantan Tengah,Kabupaten Seruyan,-3.4138432398482084,112.54170361471685,15211.714,159849
62.08,62,Kalimantan Tengah,Kabupaten Sukamara,-2.7605344039108397,111.17662961478362,3310.13,67234
62.09,62,Kalimantan Tengah,Kabupaten Lamandau,-2.1848222337113796,111.42761967058787,7632.394,114257
62.10,62,Kalimantan Tengah,Kabupaten Gunung Mas,-1.1272585021152817,113.8438717306911,9305.756,134482
62.11,62,Kalimantan Tengah,Kabupaten Pulang Pisau,-2.7164345343156215,114.30473004401904,9650.158,144663
62.12,62,Kalimantan Tengah,Kabupaten Murung Raya,-0.6402071749256474,114.56874629288852,23575.328,124291
62.13,62,Kalimantan Tengah,Kabupaten Barito Timur,-2.115344993770098,115.16920098606302,3212.515,118665
62.71,62,Kalimantan Tengah,Kota Palangkaraya,-2.173996226380074,113.8802702994111,2848.699,315153
63.01,63,Kalimantan Selatan,Kabupaten Tanah Laut,-3.799466847049419,114.78255114131447,3841.157,369818
63.02,63,Kalimantan Selatan,Kabupaten Kotabaru,-3.2362388666435793,116.22797534143119,9345.91,332787
63.03,63,Kalimantan Selatan,Kabupaten Banjar,-3.408734828681626,114.84815554140891,4588.37,590393
63.04,63,Kalimantan Selatan,Kabupaten Barito Kuala,-2.9783388223443703,114.76579532814996,2425.829,329799
63.05,63,Kalimantan Selatan,Kabupaten Tapin,-2.932105977155375,115.16329842419783,2155.939,202061
63.06,63,Kalimantan Selatan,Kabupaten Hulu Sungai Selatan,-2.786510324118423,115.26594525712335,1697.224,239471
63.07,63,Kalimantan Selatan,Kabupaten Hulu Sungai Tengah,-2.584768110610726,115.38453172508864,1573.538,271505
63.08,63,Kalimantan Selatan,Kabupaten Hulu Sungai Utara,-2.4188734176622435,115.254335243741,907.491,238250
63.09,63,Kalimantan Selatan,Kabupaten Tabalong,-2.1643540668202728,115.38235677273519,3473.069,267787
63.10,63,Kalimantan Selatan,Kabupaten Tanah Bumbu,-3.4832399331677077,115.94681434136322,4884.861,357221
63.11,63,Kalimantan Selatan,Kabupaten Balangan,-2.36356752319171,115.47108222829301,1828.513,138950
63.71,63,Kalimantan Selatan,Kota Banjarmasin,-3.327490958483104,114.58899911265445,98.372,681693
63.72,63,Kalimantan Selatan,Kota Banjarbaru,-3.438617247106197,114.83106062806887,305.153,285546
64.01,64,Kalimantan Timur,Kabupaten Paser,-1.9104348021556423,116.19132949946525,10780.677,309667
64.02,64,Kalimantan Timur,Kabupaten Kutai Kartanegara,-0.4427799289927499,116.99867075751636,26912.065,806964
64.03,64,Kalimantan Timur,Kabupaten Berau,2.1500322293440193,117.50760061575453,20999.287,299005
64.07,64,Kalimantan Timur,Kabupaten Kutai Barat,-0.2365477692797606,115.69643256908253,13611.168,186581
64.08,64,Kalimantan Timur,Kabupaten Kutai Timur,0.5256821109783744,117.60821781465334,31572.691,448850
64.09,64,Kalimantan Timur,Kabupaten Penajam Paser Utara,-1.308203498951236,116.72690384014312,3197.199,202067
64.11,64,Kalimantan Timur,Kabupaten Mahakam Ulu,0.5056814783065791,115.27080682675607,18492.238,39715
64.71,64,Kalimantan Timur,Kota Balikpapan,-1.276337448127985,116.82776028626806,509.45,757418
64.72,64,Kalimantan Timur,Kota Samarinda,-0.491364825551253,117.14598009498553,716.783,881225
64.74,64,Kalimantan Timur,Kota Bontang,0.06954899217650308,117.44419874425222,160.2,191811
65.01,65,Kalimantan Utara,Kabupaten Bulungan,2.840859024940894,117.3980777424597,13719.983,170239
65.02,65,Kalimantan Utara,Kabupaten Malinau,3.5519331947811477,116.62208456556772,38901.819,87582
65.03,65,Kalimantan Utara,Kabupaten Nunukan,4.077076241826642,117.71891117176128,13549.868,227460
65.04,65,Kalimantan Utara,Kabupaten Tana Tidung,3.6022672070166344,116.90275124391299,3481.039,30036
65.71,65,Kalimantan Utara,Kota Tarakan,3.313742611777654,117.60485527164477,248.177,255310
71.01,71,Sulawesi Utara,Kabupaten Bolaang Mongondow,0.8706059890875782,124.02440439997804,3291.237,257378
71.02,71,Sulawesi Utara,Kabupaten Minahasa,1.3007636720213933,124.91086981555465,1128.25,330843
71.03,71,Sulawesi Utara,Kabupaten Kepulauan Sangihe,3.6124519530653463,125.49964284257182,596.459,135860
71.04,71,Sulawesi Utara,Kabupaten Kepulauan Talaud,4.005791698949146,126.68188419135473,1009.738,100376
71.05,71,Sulawesi Utara,Kabupaten Minahasa Selatan,1.213251206534312,124.59716997112689,1455.907,243297
71.06,71,Sulawesi Utara,Kabupaten Minahasa Utara,1.4590614069048187,124.97472972676134,992.981,229231
71.07,71,Sulawesi Utara,Kabupaten Minahasa Tenggara,1.0418132213011337,124.79762142886007,752.788,121554
71.08,71,Sulawesi Utara,Kabupaten Bolaang Mongondow Utara,0.9064567526907839,123.25905058744213,1643.863,88002
71.09,71,Sulawesi Utara,Kabupaten Kep. Siau Tagulandang Biaro,2.744597043553609,125.36228788467754,215.611,70528
71.10,71,Sulawesi Utara,Kabupaten Bolaang Mongondow Timur,0.7685233845178085,124.61317307103388,859.683,91344
71.11,71,Sulawesi Utara,Kabupaten Bolaang Mongondow Selatan,0.38353955588220484,124.04788389200526,1772.832,76105
71.71,71,Sulawesi Utara,Kota Manado,1.484553653349368,124.84912511558082,161.76,459409
71.72,71,Sulawesi Utara,Kota Bitung,1.4453964356838027,125.1819828268371,329.363,216026
71.73,71,Sulawesi Utara,Kota Tomohon,1.3145248488354484,124.82744674228223,169.064,103812
71.74,71,Sulawesi Utara,Kota Kotamobagu,0.743496821258547,124.31266847335326,108.893,121526
72.01,72,Sulawesi Tengah,Kabupaten Banggai,-0.9943229896836165,122.78853827900993,8241.143,377804
72.02,72,Sulawesi Tengah,Kabupaten Poso,-1.3952022331805114,120.75482448623922,7544.965,253350
72.03,72,Sulawesi Tengah,Kabupaten Donggala,-0.6784643651141344,119.75257412858682,5122.736,318613
72.04,72,Sulawesi Tengah,Kabupaten Toli-Toli,1.0184933341744755,120.79802306837281,3695.945,242783
72.05,72,Sulawesi Tengah,Kabupaten Buol,1.169077637159471,121.40975635779172,3719.205,162273
72.06,72,Sulawesi Tengah,Kabupaten Morowali,-2.480863226531761,121.93428529937842,4433.535,198968
72.07,72,Sulawesi Tengah,Kabupaten Banggai Kepulauan,-1.3119041730240604,123.29844358843701,2378.048,130008
72.08,72,Sulawesi Tengah,Kabupaten Parigi Moutong,-0.8054270040019127,120.16032341521101,5800.059,461576
72.09,72,Sulawesi Tengah,Kabupaten Tojo Una Una,-0.9146507390533831,121.588520770778,5565.953,173534
72.10,72,Sulawesi Tengah,Kabupaten Sigi,-1.0473982691058936,119.95034087728645,5225.435,273460
72.11,72,Sulawesi Tengah,Kabupaten Banggai Laut,-1.6062920063926547,123.4963867573023,680.306,77830
72.12,72,Sulawesi Tengah,Kabupaten Morowali Utara,-1.9772829228540625,121.33550832771283,8733.733,154004
72.71,72,Sulawesi Tengah,Kota Palu,-0.8999595654952609,119.89102154408883,355.92,395291
73.01,73,Sulawesi Selatan,Kabupaten Kepulauan Selayar,-6.120175497106447,120.46634581441285,1163.383,143096
73.02,73,Sulawesi Selatan,Kabupaten Bulukumba,-5.558243996799272,120.19308054104557,1175.562,480672
73.03,73,Sulawesi Selatan,Kabupaten Bantaeng,-5.5531536726224795,119.96718599882868,390.95,217267
73.04,73,Sulawesi Selatan,Kabupaten Jeneponto,-5.67694518150875,119.74938992549147,795.131,423005
73.05,73,Sulawesi Selatan,Kabupaten Takalar,-5.4254592918321345,119.44063086993823,553.206,332863
73.06,73,Sulawesi Selatan,Kabupaten Gowa,-5.199807421044581,119.45319036991962,1812.988,825369
73.07,73,Sulawesi Selatan,Kabupaten Sinjai,-5.119898627419877,120.2354438144652,865.695,276269
73.08,73,Sulawesi Selatan,Kabupaten Bone,-4.539251732825663,120.30925454114436,4568.033,827372
73.09,73,Sulawesi Selatan,Kabupaten Maros,-5.01614872131246,119.57445936973654,1443.788,414406
73.10,73,Sulawesi Selatan,Kabupaten Pangkajene dan Kepulauan,-4.845732154757298,119.5598290821929,883.553,361791
73.11,73,Sulawesi Selatan,Kabupaten Barru,-4.4140407769508325,119.61729394119529,1201.322,196001
73.12,73,Sulawesi Selatan,Kabupaten Soppeng,-4.3644497502828505,119.89777167015757,1385.546,241333
73.13,73,Sulawesi Selatan,Kabupaten Wajo,-4.1120716633903855,120.02715621245426,2505.492,400699
73.14,73,Sulawesi Selatan,Kabupaten Sidenreng Rappang,-3.933052597666273,119.76930544132097,1935.326,332560
73.15,73,Sulawesi Selatan,Kabupaten Pinrang,-3.809259094007871,119.65000307873112,1895.008,423146
73.16,73,Sulawesi Selatan,Kabupaten Enrekang,-3.588329898134274,119.77030102200364,1806.816,234470
73.17,73,Sulawesi Selatan,Kabupaten Luwu,-3.394691969745157,120.36551044795807,2901.696,385361
73.18,73,Sulawesi Selatan,Kabupaten Tana Toraja,-3.0865430500830704,119.85708269925097,2043.623,258934
73.22,73,Sulawesi Selatan,Kabupaten Luwu Utara,-2.5498538223374445,120.34615805711422,7422.257,335161
73.24,73,Sulawesi Selatan,Kabupaten Luwu Timur,-2.6162481191655704,121.12410632820034,6745.772,323422
73.26,73,Sulawesi Selatan,Kabupaten Toraja Utara,-2.9736212067823917,119.89482069925177,1289.134,266513
73.71,73,Sulawesi Selatan,Kota Makassar,-5.133215561201631,119.40783685662606,177.174,1482354
73.72,73,Sulawesi Selatan,Kota Parepare,-4.027782140067662,119.63332752802752,89.626,163314
73.73,73,Sulawesi Selatan,Kota Palopo,-3.008386458063242,120.20156382818331,272.894,182898
74.01,74,Sulawesi Tenggara,Kabupaten Kolaka,-4.060808748107698,121.61611935687937,2958.87,257733
74.02,74,Sulawesi Tenggara,Kabupaten Konawe,-3.854233561558946,122.04272734128605,5352.922,269128
74.03,74,Sulawesi Tenggara,Kabupaten Muna,-4.797870620269443,122.71895870272489,1856.91,233470
74.04,74,Sulawesi Tenggara,Kabupaten Buton,-5.495773575456685,122.84013943527818,1664.982,122024
74.05,74,Sulawesi Tenggara,Kabupaten Konawe Selatan,-4.332035736807719,122.28131524347981,4234.214,332389
74.06,74,Sulawesi Tenggara,Kabupaten Bombana,-4.747234642989351,122.0110926542551,3291.922,168055
74.07,74,Sulawesi Tenggara,Kabupaten Wakatobi,-5.328300233247569,23.5389007621827,450.8,118793
74.08,74,Sulawesi Tenggara,Kabupaten Kolaka Utara,-3.4901354632505868,120.88752770777094,2931.677,143604
74.09,74,Sulawesi Tenggara,Kabupaten Konawe Utara,-3.51235292694681,122.11073191638067,4219.214,83449
74.10,74,Sulawesi Tenggara,Kabupaten Buton Utara,-4.8010073959736,122.98309527349197,1752.37,74718
74.11,74,Sulawesi Tenggara,Kabupaten Kolaka Timur,-4.000510057990807,121.8619498140791,3992.531,130691
74.12,74,Sulawesi Tenggara,Kabupaten Konawe Kepulauan,-4.052608169270012,122.9885847942083,704.184,44091
74.13,74,Sulawesi Tenggara,Kabupaten Muna Barat,-4.7917142624455,122.49418357893698,816.717,91571
74.14,74,Sulawesi Tenggara,Kabupaten Buton Tengah,-5.316413937156861,122.53197889106548,835.562,121745
74.15,74,Sulawesi Tenggara,Kabupaten Buton Selatan,-5.608164675860151,122.6006216432974,516.479,102881
74.71,74,Sulawesi Tenggara,Kota Kendari,-3.9729017385837686,122.51174077056197,265.845,366454
74.72,74,Sulawesi Tenggara,Kota Bau Bau,-5.485071885684611,122.58479937279147,294.104,163793
75.01,75,Gorontalo,Kabupaten Gorontalo,0.6290030224702096,122.98093758487616,2160.183,423981
75.02,75,Gorontalo,Kabupaten Boalemo,0.5292719285160986,122.34754187571235,1831.637,152851
75.03,75,Gorontalo,Kabupaten Bone Bolango,0.5574113394247833,123.14391729846989,1888.935,174788
75.04,75,Gorontalo,Kabupaten Pohuwato,0.7055277999999999,121.71954589999996,4370.656,162989
75.05,75,Gorontalo,Kabupaten Gorontalo Utara,0.7909498464253044,122.86871529758803,1702.746,131991
75.71,75,Gorontalo,Kota Gorontalo,0.5319060577592112,123.0595026528477,70.825,204360
76.01,76,Sulawesi Barat,Kabupaten Pasangkayu,-1.1737447997757244,119.37723724714068,2901.704,183376
76.02,76,Sulawesi Barat,Kabupaten Mamuju,-2.6897491591296983,118.88453367460207,4942.041,288382
76.03,76,Sulawesi Barat,Kabupaten Mamasa,-2.9556254753926536,119.36286435705937,3016.13,167611
76.04,76,Sulawesi Barat,Kabupaten Polewali Mandar,-3.4077171800221633,119.31115423620673,2074.191,492339
76.05,76,Sulawesi Barat,Kabupaten Majene,-3.548096071882418,118.95929449246914,900.525,190223
76.06,76,Sulawesi Barat,Kabupaten Mamuju Tengah,-2.08191948325633,119.30101480907719,2756.076,144810
81.01,81,Maluku,Kabupaten Maluku Tengah,-3.3042648189510224,128.95408633796967,8253.421,432361
81.02,81,Maluku,Kabupaten Maluku Tenggara,-5.682916545472394,132.71727708818904,1016.082,129169
81.03,81,Maluku,Kabupaten Kepulauan Tanimbar,-7.970115508208761,131.3122650572608,4427.811,132337
81.04,81,Maluku,Kabupaten Buru,-3.2591745680268827,127.10278183791851,4914.066,142347
81.05,81,Maluku,Kabupaten Seram Bagian Timur,-3.10374969502556,130.4886076064629,5725.513,140972
81.06,81,Maluku,Kabupaten Seram Bagian Barat,-3.066663330229327,128.23003905355495,5014.238,217389
81.07,81,Maluku,Kabupaten Kepulauan Aru,-5.775177775557766,134.21458787827214,8090.792,112531
81.08,81,Maluku,Kabupaten Maluku Barat Daya,-8.148038324123522,127.8015502463786,4542.633,97020
81.09,81,Maluku,Kabupaten Buru Selatan,-3.8377899371827398,126.73425882890845,3677.854,81329
81.71,81,Maluku,Kota Ambon,-3.6943237268737126,128.1813033560866,236.713,359661
81.72,81,Maluku,Kota Tual,-5.6346805376740114,132.75172074301332,234.709,90470
82.01,82,Maluku Utara,Kabupaten Halmahera Barat,1.0804684023803615,127.48015504022084,2237.391,139764
82.02,82,Maluku Utara,Kabupaten Halmahera Tengah,0.3304236239764005,127.87025115227507,2272.261,106500
82.03,82,Maluku Utara,Kabupaten Halmahera Utara,1.728187436226181,127.99219712155028,3402.937,206233
82.04,82,Maluku Utara,Kabupaten Halmahera Selatan,-0.6454745703649585,127.50498392309089,8102,258564
82.05,82,Maluku Utara,Kabupaten Kepulauan Sula,-2.0069779241586523,125.96414541579409,1777.021,100635
82.06,82,Maluku Utara,Kabupaten Halmahera Timur,0.6774434668568071,128.2840838248518,6487.633,100473
82.07,82,Maluku Utara,Kabupaten Pulau Morotai,2.0132967093802083,128.2837176160731,2337.256,82913
82.08,82,Maluku Utara,Kabupaten Pulau Taliabu,-1.9474435273583983,124.3872161387243,2984.011,66361
82.71,82,Maluku Utara,Kota Ternate,0.7857513986405484,127.38784601086685,162.04,210836
82.72,82,Maluku Utara,Kota Tidore Kepulauan,0.671565379994557,127.44672305015295,1703.427,121952
91.03,91,Papua,Kabupaten Jayapura,-2.5498717752817006,140.47710271224273,14081.935,203772
91.05,91,Papua,Kabupaten Kepulauan Yapen,-1.874066803353508,136.23707760338652,2425.374,116214
91.06,91,Papua,Kabupaten Biak Numfor,-1.170708606082667,136.0901928711222,2258.863,150318
91.10,91,Papua,Kabupaten Sarmi,-1.8685726776038396,138.74422616800342,NULL,45084
91.11,91,Papua,Kabupaten Keerom,-2.9087252628071565,140.77334129532647,9526.315,74332
91.15,91,Papua,Kabupaten Waropen,-2.2408409305863604,136.3794501810602,10781.037,38840
91.19,91,Papua,Kabupaten Supiori,-0.730681951344063,135.7326415849256,660.681,27965
91.20,91,Papua,Kabupaten Mamberamo Raya,-2.3708064074858095,138.04986837362105,NULL,41036
91.71,91,Papua,Kota Jayapura,-2.5626261642155557,140.69263309579875,835.439,404799
92.02,92,Papua Barat,Kabupaten Manokwari,-0.8908143771517435,134.04012022193126,2764.187,205212
92.03,92,Papua Barat,Kabupaten Fak Fak,-2.928858303144004,132.29363471143284,9735.003,93997
92.06,92,Papua Barat,Kabupaten Teluk Bintuni,-2.0349716122196853,133.73180639786548,84205,84205
92.07,92,Papua Barat,Kabupaten Teluk Wondama,-2.8276928485593285,134.53572347142966,4847.951,47494
92.08,92,Papua Barat,Kabupaten Kaimana,-3.6396913935577087,133.74006737885003,17878.913,64938
92.11,92,Papua Barat,Kabupaten Manokwari Selatan,-1.5063952702108039,134.16864333913085,39026,39026
92.12,92,Papua Barat,Kabupaten Pegunungan Arfak,-1.3250472221470158,133.9165696939254,3298.811,41383
93.01,93,Papua Selatan,Kabupaten Merauke,-8.508696154665504,140.40967635178788,45016.452,255168
93.02,93,Papua Selatan,Kabupaten Boven Digoel,-6.100403916696958,140.32061122283034,23558.272,71997
93.03,93,Papua Selatan,Kabupaten Mappi,-6.5281463061129115,139.3192523694171,24265.584,114153
93.04,93,Papua Selatan,Kabupaten Asmat,-5.5409474839359305,138.13682960832256,25018.661,120902
94.01,94,Papua Tengah,Kabupaten Nabire,-3.363365864105701,135.50389107766932,11801.987,179174
94.02,94,Papua Tengah,Kabupaten Puncak Jaya,-3.716207542016092,137.98781735692376,5986.19,220393
94.03,94,Papua Tengah,Kabupaten Paniai,-3.941435318407964,136.4216307854296,5306.871,125763
94.04,94,Papua Tengah,Kabupaten Mimika,-4.4558567246897995,136.85372895723708,18309.723,318679
94.05,94,Papua Tengah,Kabupaten Puncak,-3.971608513617806,137.64179825141554,7701.031,178072
94.06,94,Papua Tengah,Kabupaten Dogiyai,-4.004608084689695,136.0377620012195,3792.928,116706
94.07,94,Papua Tengah,Kabupaten Intan Jaya,-3.7405289181387547,137.04395179418287,5334.445,137696
94.08,94,Papua Tengah,Kabupaten Deiyai,-4.032249309755539,136.29899153745475,2846.412,92629
95.01,95,Papua Pegunungan,Kabupaten Jayawijaya,-4.099306801793126,138.94314903715775,2629.01,276288
95.02,95,Papua Pegunungan,Kabupaten Pegunungan Bintang,-4.890902753435135,140.6399248830013,13751.915,114581
95.03,95,Papua Pegunungan,Kabupaten Yahukimo,-4.886949804165835,139.52051776219918,16365.938,356021
95.04,95,Papua Pegunungan,Kabupaten Tolikara,-3.682250900207365,138.4734846330228,4285.333,252031
95.05,95,Papua Pegunungan,Kabupaten Mamberamo Tengah,-3.671617193020148,139.06076334013963,4101.486,50128
95.06,95,Papua Pegunungan,Kabupaten Yalimo,-3.7788529007356377,139.38315671497205,3148.308,105374
95.07,95,Papua Pegunungan,Kabupaten Lanny Jaya,-3.923598745963506,138.4495844424401,2339.775,203922
95.08,95,Papua Pegunungan,Kabupaten Nduga,-4.406940530605307,138.23935476923037,5886.891,112173
96.01,96,Papua Barat Daya,Kabupaten Sorong,-0.9881558893864777,131.36621325742883,7565.039,129669
96.02,96,Papua Barat Daya,Kabupaten Sorong Selatan,-1.4752482751322984,132.08562214178235,6559.597,56979
96.03,96,Papua Barat Daya,Kabupaten Raja Ampat,-0.41850625897138194,130.82879113180778,7425.239,72865
96.04,96,Papua Barat Daya,Kabupaten Tambrauw,-0.4973012250548381,132.08809753102656,11961.745,31041
96.05,96,Papua Barat Daya,Kabupaten Maybrat,-1.257254042993835,132.49862338124385,5385.679,46604
96.71,96,Papua Barat Daya,Kota Sorong,-0.881124482673792,131.28763959924163,205.759,286028
